mid,chinese_text,like_count,comments_count,reposts_count,created_date,user_id,attitude
4.45E+15,在上海迪士尼待了14个小时刷了13个项目的走心攻略！ 赶紧来马走～ 上海迪士尼调整票价 上海 ,822,62,413,9月15日,6118811663,1
4.45E+15,【投票：上海迪士尼调整票价 你去过上海迪士尼乐园吗？】 财经网的微博投票 ,160354,365,219,9月15日,1642088277,0
4.45E+15,王一博王一博上海迪士尼大雨中跳舞，王一博后劲太大了！我越来越爱他了咋办！！！ 律动popping的微博视频 ,71,7,15,12月4日,6042105371,0
4.45E+15,迪士尼玫玫缓缓倒下的画面，让无数拥有童心的人难受不已，这段视频在网络竟达到了近两亿的关注。迪士尼乐园规定，演职人员不得随意摘下头套和衣服。孩子踏入迪士尼，就开始童话世界的冒险。他们希望永远都不去干扰大家的梦境，不去破坏所有人的童真。穿着带皮毛的厚重衣服，在炎炎烈日下又唱又跳一小时。这个扮演玫玫的演职人员没有选择摘下头套，在身体不适的时候，仍旧希望守护着迪士尼的最后一丝童真和美好，守护着孩子们的梦！雪梨枚是真实存在的，你一定要相信奇迹啊！这是她内心的坚守...请关怀每一个为你提供过便利或者带来快乐的工作者。祝愿每个人，都能拥有一个彼此尊重的美好。上海迪士尼调整票价 ,26,9,3,9月15日,2100708653,-1
4.45E+15,上海迪士尼调整票价 要是降价不是更多人了？？？平日票也没涨啊，香港迪士尼也不便宜呢吧，咋一个个这么针对上海迪士尼呢。一边说要降价一边又嫌人多。在环球影城开之前，其他的乐园根本就没有可比性不去就不去呗，谁还逼你了真是 ,11,2,0,9月15日,3891544070,0
4.45E+15,【上海迪士尼启用X光机安检】针对部分游客反映安检慢、繁琐、不友好等问题，上海迪士尼乐园启用X光机安检。目前乐园的两个安检通道各新增一台X光机以及新的指示牌，其他安检通道仍为人工安检。游客反映，X光机安检比传统安检速度快了很多。中新视频的秒拍视频 ,578,1038,1042,9月15日,1792829601,1
4.45E+15,上海迪士尼调整票价上海迪士尼最高价涨至699元這是一個搶錢的時代，上海迪士尼先下手為強！ 上海迪士尼最高价涨至699元，你觉得这次调整合理吗？ ,1,0,0,9月15日,1420657134,0
4.45E+15,最好的时光在路上，一路向阳！上海·上海迪士尼乐园 上海·上海迪士尼乐园 2019年的常杀人的微博视频 ,2,0,0,9月15日,1732499253,0
4.45E+15,上海迪士尼调整票价广东人表示：有这个钱，还不如去香港迪士尼，起码不用排队 佛山 ,16,7,0,9月15日,2060672713,-1
4.45E+15,上海迪士尼乐园两日游P1   提前准备P2  入园事项P3~P4  游乐设施体验感以及注意事项P5 一张照片P6 米奇童话专列&amp;点亮奇梦夜光幻影秀P7  娱乐演出&amp;合影项目P8  餐饮小吃P9  拍照购物&amp;总结上海玩乐上海迪士尼分享来自：HeyDan嘿丹 ,15,1,8,9月15日,2846632611,0
4.45E+15,手机壁纸迪士尼 迪士尼公主✖️壁纸👑“所有人都催我长大，只有你愿意把我宠成孩子” 上海迪士尼调整票价 ,12,0,3,9月15日,7299466812,0
4.45E+15,在古代没有电，天黑的时间都非常难熬，古代的女人都干些什么呢？上海迪士尼调整票价 悄悄围观的微博视频 ,19,10,4,9月15日,2639278851,0
4.45E+15,今天是我和他在一起的第453天江西和内蒙古目前一起去过 广州 深圳 西安 上海 南京 还有包头和南昌 都说旅行特别检验情侣 我接下来想说的就是一些我们旅行的小故事我说我想去南京看秋天 下一周就订好了机票陪我去看梧桐看枫叶 他说有个惊喜要给我南京呆了几天之后要带我去上海 偷偷定了迪士尼的票要带我去看烟花 在西安趁我睡觉的时候熬夜给我写小纸条塞在我的手机壳后面🦄在上海的时候因为我午睡突然醒了喊他名字他跟我说很感动 在我睡觉的时候帮我整理好行李 把我的衣服丢进洗衣机里洗好📸每一次旅行我做攻略带他去看他想看的吃他想吃的 只要他说了我就一定能找到 他是路盲但我只要走一次路我就记得 我不愿整理行李丢三落四他就每一次帮我整理好东西 等我过了安检口他才放心 他说我怕你有一天把你自己丢了👧出门我如果不牵他的手他就马上会说某些人一点意识也没有 然后我就会马上挽着他的手他就会说这才对嘛✔️吃饭的时候剥虾是常备技能 把好吃的第一口给我吃也是他的第一反应🥘在一起的时候会给我做饭 给我买花 陪我一起玩一起闹 睡醒的第一件事就是亲我一口睡前的最后一件事是说一句 晚安我爱你🍯对别人有时候脾气不好 对我就很多的忍让 有他在的时候过的真的超级开心 👦最后我想告诉他 我爱你我的男孩❤️,90,27,3,12月5日,3822710584,0
4.45E+15,在迪士尼遇到唐老鸭本鸭 【太可爱！当迪士尼玩偶遇到了自己的“迷你版”】这位小朋友经常在迪士尼乐园，穿着玩偶的cos服和本尊一起玩耍。唐老鸭、史迪仔、米妮...本尊的反应好有爱！ YouTube精彩视频的秒拍视频 上海迪士尼调整票价 ,12,4,4,9月15日,1988563285,1
4.45E+15,在迪士尼遇到唐老鸭本鸭  游上海迪士尼，大小唐老鸭一家四口的即视感，好有爱！ 普吉岛王权新罗接送的微博视频 ,160,55,23,9月15日,3798850551,1
4.45E+15,【沪生育保险和职工医保明年起合并实施！生育保险待遇不降低 | 新民早报 [2019.12.7]】■ 自2020年1月1日起，上海将实现生育保险和职工医疗保险合并实施。两项保险合并实施后，生育妇女生育保险待遇不降低，合并后职工基本医疗保险单位缴费费率为10.5%（含原来生育保险单位缴费费率1%），个人缴费费率不变，仍为2%（生育保险个人仍不缴费）。■ 新版《上海市廉租住房租金配租管理实施细则》优化简化办理流程，廉租对象办理手续最多只跑一次，该细则将于2020年1月1日起施行，有效期至2024年12月31日。■ 上海迪士尼调整票价 明年6月6日起，上海迪士尼乐园将实行四级票价，分别为399元、499元、599元、699元，分别对应常规日（涵盖冬季和秋季的大部分日期）、特别常规日（涵盖春季大部分日期和部分周末）、高峰日（涵盖夏季大部分日期、部分周末及部分节假日假期）和特别高峰日（部分超高客流的法定节假日及其相关调休或假日，以及一些国际性节日）。 新民晚报 ,1,1,1,9月15日,1737737970,0
4.45E+15,在迪士尼遇到唐老鸭本鸭 昨晚上海迪士尼调整票价 ，说是调价，实际就是涨价，相当于一个负面，今天早上一个小朋友cos唐老鸭，就遇到唐老鸭本鸭，虽然这个不是上海的，但这应该是迪士尼的硬广吧？ 武汉 ,15,8,7,9月15日,2661992301,1
4.45E+15,【昨夜今晨 看看大家都在议论些什么吧[思考]】1.新疆反恐纪录片 中国新疆，位于亚洲中部的十字路口，极端主义和恐怖主义构成巨大挑战，代价则是人们的生命。这一切如何滥觞？政府与人民又会付出怎样的代价？请看CGTN纪录片《中国新疆 反恐前沿》↓警告：部分案件和画面属于首次公布，可能引起不适，请慎重观看。（@CGTN ）,27,1,18,9月15日,1870549587,0
4.45E+15,当迪士尼的各位本尊遇上COS自己的小盆友时，哈哈哈哈哈整个人都被治愈啦在迪士尼遇到唐老鸭本鸭    不开心治愈所的秒拍视频  上海迪士尼调整票价 ,202,16,52,9月15日,2191319813,1
4.45E+15,【在迪士尼遇到唐老鸭本鸭】迪士尼乐园里，COS唐老鸭的小朋友遇到了本尊 鸭鸭超嘚瑟的带着他满场炫耀，就像是自己的小鹅几一样~上海迪士尼调整票价围脖视频的秒拍视频 ,8,1,4,9月15日,2139684615,1
4.45E+15,上海迪士尼调整票价 当服务犬在迪士尼遇到唐老鸭，网友：天使也需要被治愈鸭… 搞笑大当家的微博视频 ,143,6,13,9月15日,1002023885,1
4.45E+15,【南财早新闻丨中共中央政治局召开会议，分析研究2020年经济工作】银保监会最新条例：合资寿险公司中外资比例不得超51%；钜盛华方面近期再度减持万科A逾1%股份；北京房租跌至近两年最低水平；上海迪士尼调整票价 三级票价结构变四级票价结构&gt;&gt;南财早新闻丨中共中央政治局召开会议，分析研究2020年经济工作 ,10,4,4,9月15日,1651428902,0
4.45E+15,在迪士尼遇到唐老鸭本鸭 网友带着mini小鸭去迪士尼找唐老鸭玩，没想到唐老鸭竟然做出如此出人意料的举动 YouTube精选的微博视频 上海迪士尼调整票价 ,207,10,23,9月15日,2719969734,0
4.45E+15,上海迪士尼调整票价 这是意料中的事。不对食物进行安检，那么迪士尼内部园区卖食物的收入就下降了一大块。能做的就是涨票价。就如同有些旅行社推出的低价游一样，后面往往导游会带着你买玉石。堤内损失提外补，方法就那么几种。只不过对迪士尼来说，一旦票价上涨。入园人数势必会大大降低。如何看待上海迪士尼涨价,14,5,3,9月15日,1901692317,-1
4.45E+15,上海迪士尼调整票价还好双十一375囤了一张，明年开春去玩 ,0,0,1,9月15日,1795678772,1
4.45E+15,上海迪士尼调整票价欢乐谷它不香吗便宜又好玩 ,16,4,0,9月15日,3716462903,0
4.45E+15,上海迪士尼圣诞季 由于看到孩子雪莉玫shelliemay 在互动时不停的喘着粗气，出于心疼我拿出了一个巧克力准备她下班时悄悄塞她手里，没想到眼尖的她居然发现了于是就有了下面的小片段旁边的露露粉们都乐坏了，说她是个小馋熊[饞嘴] 张晞雅Cecilia的微博视频 ,18,0,2,9月15日,2133201050,1
4.45E+15,上海迪士尼调整票价 上海迪士尼乐园昨天通过官方网站公布将于2020年6月6号起实行的新票务方案。今后，上海迪士尼乐园的票价结构将从开园时的二级，到现在的三级，再到未来的四级。四级票价结构为：常规日、特别常规日、高峰日和特别高峰日。其中，基础门票即“常规日”价格保持不变，仍为399元，涵盖冬季和秋季的大部分日期。新增的一级为“特别常规日”，这一级低于目前票务方案里的中档票价，将包括春季大部分日期和部分周末，价格为499元。“高峰日”将涵盖夏季大部分日期，部分周末及节假日，价格为599元。“特别高峰日”则为超高客流的法定节假日、节假日的调休日以及一些国际性节日，价格为699元。,0,0,2,9月15日,1667942985,0
4.45E+15,日推网友拍到上海迪士尼大白的退场视频，哈哈哈哈哈哈哈未免过于可爱了！！(twi:amitoma1928)  上海迪士尼调整票价     不开心治愈所的秒拍视频 ,81,3,6,9月15日,2892290240,1
4.45E+15,上海迪士尼调整票价  全球都涨价吗如果不是  那么就是。。。。。。。。 ,13,9,0,9月15日,6761481712,-1
4.45E+15,上海迪士尼调整票价 一张迪士尼门票最高价要699元，最低的票价也要399元人民币。如此票价且不论是否高与低，纵观我们一些文旅地产项目，特别是特色旅游小镇项目，不但票价无法与迪士尼相比，许多不要门票的项目，通常也是门可罗雀无人问津。究其原因，或是缺少“原创性特色”所致。红观楼市 ,109,55,3,9月15日,1337447401,-1
4.45E+15,上海迪士尼调整票价 有个问题想问一下大家，你们觉得迪士尼应该不论贫富贵贱让每一个孩子都玩得起，还是只是富人的游乐场呢……？我个人觉得票价高一点没什么不好，又不是生活必需品，没有必要让每个人都负担得起，票价贵一点筛掉一部分底层客户，人少了玩起来更开心 ,13,17,3,9月15日,3796460881,1
4.45E+15,旅游游记┇上海迪士尼 太喜欢迪士尼了 我觉得我上辈子就是个城堡...准备去上海迪士尼玩耍的小伙伴们看起来！让你花最少的时间、排最少的队，去玩最好玩、最值得的项目！希望大家都能在乐园里吃好喝好玩好，带着满满的回忆回家。 ,24,8,18,9月15日,3236257390,1
4.45E+15,世界上有比成都更好的地方吗？没有！没有！不过来上海一年多了都还没去过迪士尼...调不调价也没啥关系....顺口问一句.有人跟我去迪士尼玩嘛？ 成都 ,23,21,0,9月15日,2788772393,0
4.45E+15,梦想也许今天无法实现，明天也不能。重要的是，它在你心里。重要的是，你一直在努力。北京夜场上海夜场上海苏州夜场 杭州夜场广州夜场深圳夜场重庆夜场成都夜场夜场夜总会上海迪士尼澳门夜总会夜场ktv上海约拍   ,23,8,3,9月15日,6875233618,0
4.45E+15,吹一波崭新的阿布扎比华纳兄弟主题乐园，也是这几天最想去的地方，去年才开业，由于气候原因做成了纯室内乐园，里面有几个经典的园区，最喜欢的是哥谭市。整个乐园很多高科技体验，投资应该很大毕竟土豪，娱乐体验很精彩，感觉已经全面超越上海迪士尼。华纳兄弟旁边就是法拉利主题乐园，可以体验下全球最快的过山车。两个乐园有个很爽的共同点，完全不用排队[干杯]很难想象这是在沙漠中建起来的[笑cry][good] ,18,3,27,9月14日,1163461132,1
4.45E+15,上海迪士尼调整票价上海迪士尼最高价涨至699元，你觉得合理吗？本博觉得还是有一些贵了呢，本来就是一个造梦的地方，加上园内吃饭如果节假日高峰人均也要1000+了呢！另外给姐妹们康康上海迪士尼小镇的主题圣诞树🎄啊啊啊好好看！好想去迪士尼过圣诞节哇！姐妹们跟心爱的人一起去许个愿叭[憧憬]！ ,1339,1124,1064,9月15日,2370975472,-1
4.45E+15,上海迪士尼调整票价 没点开之前以为会降价。。。。 ,9,0,1,9月15日,1786889040,-1
4.45E+15,上海迪士尼调整票价不是第一次热搜了，然而我还一次都没有去过呢 ,12,0,0,9月15日,1841418190,0
4.45E+15,看来这么多负面也依然挡不住漫威星战米老鼠们的魅力[冰雪奇缘艾莎][冰雪奇缘安娜] 上海迪士尼调整票价 上海迪士尼最高价涨至699元,2,0,0,9月15日,1771650130,1
4.45E+15,上海迪士尼烟花，满足了很多人的少女梦💕 上海迪士尼调整票价 去玩了的微博视频 ,21,9,8,9月15日,2414771413,1
4.45E+15,上海迪士尼调整票价要是以后北京环球也这个价就好了 反正我要去也是淡季去的 之前淡季去的迪士尼根本没啥人好爽 ,1,2,1,9月15日,1933228657,1
4.45E+15,上海迪士尼调整票价去上海迪士尼如果不做好攻略，那你将体验绝望的一天！ 小姐姐你别笑的微博视频 ,15,4,5,9月15日,6551254602,0
4.45E+15,上海迪士尼调整票价我到现在连迪士尼都没去过 ,14,9,0,9月15日,6065273384,0
4.45E+15,上海迪士尼调整票价 我要去见唐老鸭去了这么多次都没见过本鸭！ ·824Hz·的微博视频 ,14,11,10,9月15日,2651608532,1
4.45E+15,上海迪士尼调整票价中国人脸上是不是写着人傻钱多 ,14,5,0,9月15日,5949069866,-1
4.45E+15,上海迪士尼调整票价航拍的迪斯尼乐园真是美的不像话。  搞笑二娘的微博视频  ,9,0,7,9月15日,5246289170,1
4.45E+15,【上海迪士尼门票明年6月6日起涨价，最高涨至699元】 上海迪士尼调整票价据@澎湃新闻 消息，12月6日从迪士尼度假区官网了解到，自2020年6月6日起，上海迪士尼度假区将调整上海迪士尼乐园目前的三级票价结构，采用全新的四级票价结构，分别为：常规日、特别常规日、高峰日和特别高峰日，对应的门票价格如下：“常规日”门票价格维持不变，仍为399元人民币，涵盖冬季和秋季的大部分日期；“特别常规日”将涵盖春季大部分日期和部分周末，门票价格为499元人民币；“高峰日”将涵盖夏季大部分日期、部分周末及部分节假日假期，门票价格为599元人民币；“特别高峰日”主要包括部分超高客流的法定节假日及其相关调休或假日，以及一些国际性节日，门票价格为699元人民币。,21,21,10,9月15日,1750070171,0
4.45E+15,存 迪士尼攻略 我住的民宿在图三哦 叫忆拾光 爱彼迎上搜索上海迪士尼就可以找到啦 199一晚上 要送迪士尼的话要提前说几点去哦 ,11,11,2,9月15日,1784565562,0
4.45E+15,上海迪士尼调整票价被巴黎迪士尼的这个宣传片感动到了，一只遇到爱豆的小鸭子，我的妈耶，这也太可爱了吧，简直就是遇到爱豆的我本人，好治愈！  巴黎迪士尼乐园宣传片：一只小鸭子 ,21,3,16,9月15日,6420901212,1
4.45E+15,上海迪士尼调整票价 就是弄了个特别高峰期么 ,1,0,1,9月15日,6525653427,-1
4.45E+15,上海迪士尼调整票价上海迪士尼舞台表演cos《冰雪奇缘》美美哒 好料三文娱的微博视频 ,123,26,25,9月15日,6134214082,1
4.45E+15,上海迪士尼调整票价太棒了，终于降价了！ ,1,1,1,9月15日,1347111465,1
4.45E+15,人一辈子，你得信这一条：留得住的不需用力，留不住的不要费力；来去随缘、强求不得上海迪士尼调整票价 ,4,0,3,9月15日,1749123613,0
4.45E+15,【冬日暖阳的“白富美”】童话云和大花园超话白鹤尖，漫山遍野、披银戴玉，冬日里的第一场雾凇不负期待、如约而至。 玉树琼花、轻歌曼舞、婀娜多姿，一望无际的雾凇世界。听说上海迪士尼调整票价 ，你可愿意随我走出照片，走进云和，亲自寻一寻那雾凇的韵味儿。 ,37,32,37,9月15日,2169306777,0
4.45E+15,上海迪士尼调整票价快来康康吧，上海迪士尼度假区6日公布，自2020年6月6日起开始票价变动哦。 这个微博全是图的微博视频 ,126,22,22,9月15日,7135016663,0
4.45E+15,你会这样教育孩子吗？  古玩哥的微博视频 没有TFBOYS的节目上海迪士尼调整票价 ,3,0,2,9月15日,5227820733,0
4.45E+15,上海迪士尼调整票价 【699元！上海迪士尼开园三年两度调价 涨价曾拖累销量】全新的四级票价结构，将于2020年6月6日起实行。@新京报  @新京报经济新闻  699元！上海迪士尼开园三年两度调价 涨价曾拖累销量 ,2,2,0,9月15日,1671068657,0
4.45E+15,快来康康这两个小可爱！！杰拉东尼 达菲熊 迪士尼 上海迪士尼,12,0,6,9月15日,2394756302,1
4.45E+15,上海迪士尼调整票价 同志们！上海有欢乐谷，只要二百元，可以玩一天。常州有嬉戏谷、恐龙园和春秋淹城。 感觉都不错。（不是广告，真的是实打实的说。） 有这699，在上述这些地方，可以玩两个半人了。  都差不多啦，大同小异。何必单恋米老鼠？？？？ ,26,7,0,9月15日,1340646470,-1
4.45E+15,上海迪士尼调整票价搜包，搜包，涨价，涨价 ,1,1,1,9月15日,1224921712,-1
4.45E+15,【上海迪士尼公布票价调整 将于2020年6月6日起实行】12月6日，上海迪士尼乐园公布了新的票价结构和门票价格调整方案，该调整方案将于2020年6月6日起实行。“常规日”门票价格维持不变，仍为399元人民币；“特别常规日”将涵盖春季大部分日期和部分周末，门票价格为499元人民币；“高峰日”将涵盖夏季大部分日期、部分周末及部分节假日假期，门票价格为599元人民币；“特别高峰日”主要包括部分超高客流的法定节假日及其相关调休或假日，以及一些国际性节日，门票价格为699元人民币。,15,16,18,9月15日,1314608344,0
4.45E+15,玫玫真的是元气满满的少女，蹦蹦跳跳真可爱，满满的幸福感喔～[带着微博去旅行]！上海迪士尼调整票价 思明博警的微博视频 ,29,42,22,9月15日,2617786612,1
4.45E+15,杨幂魏大勋帽子发布了头条文章：《切尔西转会禁令获得减刑，1月冬窗可以买人》 切尔西俱乐部经过向国际体育仲裁法庭提出上诉后，现在禁止注册球员转会禁令的刑期获得减半，也就是说下个月冬季转会窗可以引援球员。上海迪士尼调整票价 切尔西转会禁令获得减刑，1月冬窗可以买人 ,3,1,0,9月15日,1287472264,0
4.45E+15,达菲的经典动作我也会，喵～  杰拉多尼超话上海·上海迪士尼乐园 杰拉多尼的微博视频 ,69,20,26,9月15日,2493871333,1
4.45E+15,如何看待上海迪士尼涨价 最好涨价到每张票10万元，这样就很少有人去了，离关门就不远了。这纯粹是市场行为，去的人多了人家就会涨价呗，又不是不去那玩就活不下去，想不通为什么有那么多人争着去送钱？如果去的人少了，他们自然会降价。这还好呢，一根香蕉卖12万美元 给谁说理去啊？[允悲]上海迪士尼调整票价,6,3,0,9月15日,2353227834,-1
4.45E+15,上海迪士尼调整票价价格还是低了，应该按小时收费，设最低消费，人均低于五万不让出门。 ,9,0,0,9月15日,1300441632,-1
4.45E+15,如果你全盘否定别人，认为他们坏透了、品行败坏、毫无价值，那么你该如何评价自己这种愚蠢、不好、不公平的行为呢？我们觉得这种行为很不地道。你因他人的错误而谴责他们，那你怎么能不因自己的错误而谴责自己（你的整个人或人格）？想想这种尴尬处境吧！你对他人的憎恨相当于自我憎恨。你要尽力承认自己的错误、过失、不道德的行为。上海迪士尼调整票价,0,0,1,9月15日,5504767992,0
4.45E+15,上海迪士尼调整票价这么少，我觉得要多加一个0，毕竟你要比猪肉贵一点，不然你怎么跟猪比呢 益阳·万木春购物广场 ,14,4,0,9月15日,6963043129,-1
4.45E+15,上海迪士尼调整票价我不关心票价了...只想听后妈们掰头全球电影排行的微博视频 ,13,6,0,9月15日,3424093182,-1
4.45E+15,上海迪士尼调整票价还是别关心票价了快来看看迪士尼花木兰刘亦菲巩俐李连杰甄子丹slay万里赴戎机 关山度若飞 迪士尼电影的微博视频 ,16,1,0,9月15日,6622904721,0
4.45E+15,【4天3夜上海自由行】上海必打卡景点推荐，网红美食评鉴，迪士尼乐园游玩攻略～想去上海的小伙伴可以参考一下哟！投稿：鹿晨希子 ,2,0,1,9月15日,6520058970,0
4.45E+15,上海迪士尼调整票价我当时才花了299哈哈哈，🈵 爽的！ ,7,7,1,9月15日,2264817675,0
4.45E+15,上海迪士尼调整票价“所有人都催我长大，只有你愿意把我宠成孩子” 小调查👀:迪士尼票价调整甚至上涨 那么你还会去吗？迪士尼陪女朋友去迪士尼的男孩 Ins-guys-here的微博视频 ,10,1,0,9月15日,3717773625,0
4.45E+15,上海迪士尼调整票价去过一次，就因为人真心多，不想再去第二次。 上海·上海迪士尼乐园 ,14,4,0,9月15日,1794145152,-1
4.45E+15,上海迪士尼调整票价399的时候去不就行了…又不是全年699去不起就别说人家贵，便宜的时候也没见你去的了 ,18,3,0,9月15日,6467896026,1
4.45E+15,擦妈Christina Aguilera 1999年现场献唱迪士尼动画《花木兰 》主题歌《Reflection》，20年过去了，旋律依旧如此美好，无可替代。上海迪士尼调整票价  哆啦啦遇上小水豚的秒拍视频 ,11,1,3,9月15日,5776930791,-1
4.45E+15,带着大师环的资格去世界展咯 上海见！迪士尼见！老寒头的喵 ,15,7,0,9月15日,5876857338,1
4.45E+15,为了这段戏，专门打造了这一条私人高速公路，还撞毁了300辆新车上海迪士尼调整票价我的观影报告 北京·学清路 横频酱的微博视频 ,159,6,6,9月15日,6814950587,0
4.45E+15,上海迪士尼调整票价不是…高峰期提高票价的原因难道不是为了调整旅客流量吗？这样做的景点到处都是，逮着迪士尼就咬了？ ,15,0,0,9月15日,5533463376,1
4.45E+15,上海迪士尼调整票价最高价699，你会选择吗？,3,0,0,9月15日,1284032347,0
4.45E+15,上海迪士尼调整票价平时门票才399，节假日高峰期最高才665，这可真是良心价啊！面对这个良心价，你们心动了吗？？还不赶紧的都去打卡发朋友圈？？ ,408,75,1,9月15日,3912817023,1
4.45E+15,上海迪士尼调整票价迪士尼一个励志短片《杂草》，我们一直在抱怨，却从没勇气改变，很值得一看！！ 情感文字匠的微博视频 ,4,0,1,9月15日,3291407752,0
4.45E+15,上海迪士尼调整票价调不调无所谓，反正不去！ ,11,22,0,9月15日,1658767912,-1
4.45E+15,给第一次去上海迪士尼的你[带着微博去旅行]全球旅游攻略的微博视频 ,1126,419,727,9月14日,3837482128,1
4.45E+15,王凯丝绒西装上海迪士尼调整票价 没有特殊情况不会去的 ,15,0,0,9月15日,2607834684,-1
4.45E+15,上海迪士尼调整票价我还以为要降价打扰了，又涨价，算了算了，拿着钱去欢乐谷它不香嘛 ,19,2,0,9月15日,6445928248,-1
4.45E+15,上海迪士尼调整票价今天，上海迪士尼度假区公布，自2020年6月6日起，上海迪士尼低档票价不变，但是最高价涨至699元。你还会买票去上海？ 浪选之子的微博视频 ,314,16,17,9月15日,6991113994,0
4.45E+15,上海迪士尼调整票价我以为是降价，原来是涨价，不过也没关系，涨到一张票价200W到有人去，好奇的人不在少数 斯文-B类的微博视频 ,131,13,22,9月15日,6188937729,-1
4.45E+15,王凯丝绒西装上海迪士尼调整票价以前觉得迪士尼里面没什么好玩的现在想去里面拍照拍照再拍照 ,16,0,0,9月15日,5139654188,1
4.45E+15,上海迪士尼调整票价和喜欢的人一起去就值得拍到好看的照片也值得这样拍更好看哦！get倪妮 ,6,0,0,9月15日,7012740521,1
4.45E+15,上海迪士尼调整票价  并非迪士尼如何有魅力，而是它对市场的垄断太严重。上海迪士尼面积非常大，但其它地块至今都不开发和经营，使得迪士尼形成了事实上的垄断。我觉得上海市政府应该收回这些地块，由其他公司进行开发运营，为老百姓提供更多的休闲娱乐项目以供选择！ ,2,0,3,9月15日,5277483258,-1
4.45E+15,上海迪士尼调整票价“全世界都在催你长大，只有迪士尼让你依然相信童话。”💕虽然真的很好玩很好玩，但是不至于这个价吧…699？一个游乐场而已啊，有必要吗方特欢乐谷长隆它不香吗[費解] 上海·上海迪士尼乐园 ,16,4,0,9月15日,6651853297,1
4.45E+15,上海迪士尼调整票价每次看着迪士尼里面乌泱泱的人就觉得票价高了人可能少吗？中年少女如果还是喜欢迪士尼的话简单粗暴抢不到FP就买 ,1,1,1,9月15日,1865739281,1
4.45E+15,上海迪士尼调整票价 说话的方式简单点……直接说涨价不好吗 ,2,0,1,9月15日,1868333002,-1
4.45E+15,上海迪士尼调整票价我反正不去，是手机不好玩还是电视不好看？ ,2,0,0,9月15日,1785255621,-1
4.45E+15,王凯丝绒西装上海迪士尼调整票价工作日去吧！人少还便宜😊 ,16,1,0,9月15日,3032634214,1
4.45E+15,我去的时候是499的王凯丝绒西装上海迪士尼调整票价 ,17,0,0,9月15日,5797819097,0
4.45E+15,上海迪士尼调整票价没必要 真没必要欢乐谷也挺好我不是吃不着葡萄说葡萄酸我去过 很多项目都是很低龄的那种除了一两个非常有意思之外 并没有觉得值得花699去 ,10,0,0,9月15日,5251997954,-1
4.45E+15,终于来件舒适的措施了：教育事务委员会通过议案，要求追究怂恿学生参与街暴的老师！黄师的末日是不是要来了？！曱甴的沙雕日常上海迪士尼调整票价 ,46,11,5,9月15日,1978895060,0
4.45E+15,上海生活  迪士尼后台，氛围也是满满的欢乐，唐老鸭真是太可爱了笑迷糊了的秒拍视频 ,14,0,2,9月15日,2542145332,1
4.45E+15,上海迪士尼调整票价我竟然以为是要降价了 ,12,0,0,9月15日,3083599652,-1
4.45E+15,上海迪士尼调整票价欢迎收看第一季迪士尼公主吐槽大会 无聊的番薯的微博视频 ,18,14,14,9月15日,1641273463,1
4.45E+15,上海迪士尼 一直做个公主💚 ,13,2,0,9月14日,5018546569,1
4.45E+15,这个跨年一定要带自己最心爱的人去看这个世界最美好最浪漫的瞬间上海迪士尼调整票价 搞笑南叔的微博视频 ,137,27,130,9月15日,5516030215,1
4.45E+15,上海迪士尼调整票价太好了 本来就没钱去 这下票价一涨 正好不用去了  ,17,0,0,9月15日,6473005181,-1
4.45E+15,上海迪士尼每逢周末憋大招？ 上海·上海迪士尼度假区 ,2,4,0,9月15日,2984322974,1
4.45E+15,上海迪士尼调整票价庆幸在涨价之前去过了 济南·济南长清大学城 ,15,5,0,9月15日,5969616935,0
4.45E+15,上海迪士尼调整票价希望有一天你会和自己心爱的人去迪士尼看一场烟花 ,139,3,9,9月15日,2111145965,0
4.45E+15,上海迪士尼调整票价经鉴定，上海迪士尼票价比猪肉涨价快！ ,10,0,0,9月15日,5232942132,-1
4.45E+15,上海迪士尼调整票价 2020年6月5日之前是：平日票，399元；高峰日票，575元；假期高峰票：665元。2020年6月6日起调整为：常规日，399元；特别常规日，499元；高峰日，599元；特别高峰日：699元。这个就是明显的涨价了，因为常规日去的少，大部分游客都是高峰的节假日去的。这也印证了我之前的猜测，迪士尼能自带食品了，一定会涨价。 ,17,13,7,9月15日,2661992301,0
4.45E+15,上海迪士尼调整票价 迪士尼真的是童心百分之百的地方，扮黛西的工作人员正准备下班，听到有人叫她，立马帅气180度转身，太可爱了！  咪咕音乐馆的微博视频 ,14,0,1,9月15日,5291692655,1
4.45E+15,上海迪士尼调整票价我真的以为是降价了才点进热搜来看看的，真失望。。。 ,17,0,0,9月15日,2173468863,-1
4.45E+15,上海迪士尼调整票价反正环球快盖好了 ,11,6,0,9月15日,5524117337,-1
4.45E+15,上海迪士尼调整票价 自今年夏天来，上海迪士尼因为禁止带食物进园、翻包进行安检等规定引起了不少网友关注。今日据上海迪士尼度假区官网公布，将增加票价为699元的特别高峰日票。这也就意味着，在人流量较大的时候，游客需花将近700元才能进入上海迪士尼游玩。对于这个票价，你们怎么看？,45,53,33,9月15日,6367852368,-1
4.45E+15,上海迪士尼调整票价小调查你们去过哪些游乐园？财神保佑超话 金主哥的微博投票 ,2338,28,72,9月15日,6511541439,0
4.45E+15,上海迪士尼调整票价世界上最会卖会员卡的是谁？ 记得的微博视频 ,10,2,5,9月15日,1318557102,0
4.45E+15,上海迪士尼调整票价悄悄地说，双十一预售平日非限定日期两次票，399去两次，人还不多，不要太爽，下周再去一次 ,1,2,1,9月15日,5931154485,1
4.45E+15,明天晚上去上海，周末要在迪士尼里提前过圣诞，刚刚才到家火速收拾行李箱，结果看到笨蛋小猪以前还是会收错行李忘带冬装，现在恨不得穿越回去给他塞上一行李箱的军大衣小猪没有妈妈可怎么办呀小笨蛋 ,38,2,1,12月5日,5671962775,1
4.45E+15,上海迪士尼票价调整【上海迪士尼明年6月6日起票价调整：采用全新四级票价结构】上海迪士尼最高票价涨至699元 自2020年6月6日起，上海迪士尼度假区将调整上海迪士尼乐园目前的三级票价结构，采用全新的四级票价结构。分别为：常规日、特别常规日、高峰日和特别高峰日，“特别高峰日”门票价格涨为699元。,99,130,53,9月15日,2028810631,0
4.45E+15,上海迪士尼调整票价：上海迪士尼度假区公布，自2020年6月6日起，将采用全新的四级票价结构。上海迪士尼最高价涨至699元。上海迪士尼明年6月6日起票价调整：采用全新四级票价结构 ,40,104,30,9月15日,1653689003,0
4.45E+15,【上海迪士尼度假区门票调价，明年 6 月 6 日起实行】12 月 6 日消息，上海迪士尼度假区官网今天发布了票价结构和门票价格调整方案，自 2020 年 6 月 6 日起，上海迪士尼度假区将采用全新的四级票价结构，特别高峰日门票将涨至 699 元，而目前最高票价为 665 元。 ,11,18,12,9月15日,1642720480,0
4.45E+15,和7d 大老板 老板娘 朱迪get了大头自拍照怎么来的每一天都能绝上加绝呀啊哈哈哈哈哈哈哈哈 上海·上海迪士尼乐园 ,1,2,0,9月15日,6574710823,1
4.45E+15,全世界都在催你长大只有迪士尼守着你的童年和初心❤️ ,1,4,0,9月15日,2898351667,1
4.45E+15,圣诞节气氛的上海迪士尼 上海·上海迪士尼乐园 ,2,2,0,9月15日,3267575375,1
4.45E+15,上海迪士尼涨价 据了解，上海迪士尼将于明年6月6日执行新的票价标准，共分四个等级，最低399，最高699。请想去上海迪士尼玩的游客，合理安排自己的时间，错峰游玩！去玩的时候可以带上鸭屁屁扭扭包，给自己换朋友换种心情！迪士尼好玩，但是不要贪玩yo~最美航拍：上海迪士尼童话王国，有时间带上儿女来玩儿吧 ,4,1,2,9月15日,6364463709,0
4.45E+15,【上海迪士尼乐园将实行四级票价 分别为399元、499元、599元、699元】自2020年6月6日起，上海迪士尼度假区将采用全新的四级票价结构，分别为：常规日、特别常规日、高峰日和特别高峰日，对应门票价格分别为399元、499元、599元、699元。目前上海迪士尼乐园采用的三级票价结构为：平日、高峰日和假期高峰日，对应门票价格分别为399元、575元、665元。 via 新民晚报 ,5,7,8,9月15日,1737737970,0
4.45E+15,【上海迪士尼调整票价！低档不变 上海迪士尼最高价涨至699元】上海迪士尼度假区6日公布，自2020年6月6日起，将采用全新的四级票价结构：“常规日”门票价格维持不变，仍为399元人民币，涵盖冬季和秋季的大部分日期；“特别常规日”将涵盖春季大部分日期和部分周末，门票价格为499元人民币；“高峰日”将涵盖夏季大部分日期、部分周末及部分节假日假期，门票价格为599元人民币；“特别高峰日”主要包括部分超高客流的法定节假日及其相关调休或假日，以及一些国际性节日，门票价格为699元人民币。 ,10798,8148,2890,9月15日,1642088277,0
4.45E+15,哈哈哈哈哈迪士尼我又来啦 ,1,0,0,9月15日,2599195487,1
4.45E+15,【上海迪士尼新票价 ：低档不变，最高价涨至699元】上海迪士尼度假区刚刚公布，自2020年6月6日起，将调整上海迪士尼乐园目前的三级票价结构，采用全新的四级票价结构，分别为：常规日399元，特别常规日499元，高峰日599元，特别高峰日699元。来源：北京日报客户端 ,6,8,2,9月15日,1893892941,0
4.45E+15,好萌的圣诞树🎄🎄🎄圣诞快乐！！[冰雪奇缘雪宝][冰雪奇缘雪宝][冰雪奇缘雪宝]迪士尼 上海迪士尼 圣诞季,30,1,7,9月14日,2394756302,1
4.45E+15,上海迪士尼超话 来自饲养员的呐喊；奇奇！等等我们蒂蒂！ 偏执的梁小花的微博视频 ,0,1,1,9月14日,2941994201,1
4.45E+15,上海迪士尼超话水手服 不想p了就这样吧x这是之前10.3出去提前一天过生日的照片是真实的坦克了 ,33,30,1,12月5日,2694464392,1
4.45E+15,天津-上海四天三夜游上海除了有美景美食还有迪士尼~ ,5,0,2,9月14日,5144481626,1
4.45E+15,旅游【上海迪士尼游玩攻略】在节假日一天刷完18个项目~攻略中包含领取FP技巧，刷大项几乎无排队。希望对伙伴们的游玩能有帮助，愿你能有奇妙的一天旅行 ,11,2,12,12月5日,2941035134,1
4.45E+15,给姐妹们康康上海迪士尼小镇的主题圣诞树🎄啊啊啊好好看！好想去迪士尼过圣诞节哇！姐妹们许个愿叭迪士尼超话 ,76,34,23,9月14日,6485590643,1
4.45E+15,永远保持内心童真，但愿遇见一切美好 上海 ,0,0,0,9月14日,3298429407,1
4.45E+15,上海迪士尼全世界都在催着你长大💒只有迪士尼守着你内心的童话🎠 ,16,2,11,12月4日,3236257390,1
4.45E+15,上海迪士尼 烟花盛典 ,0,0,0,9月14日,7339123009,1
4.45E+15,迪士尼乐园真的很适合我这个幼稚鬼～大衣好好穿哦当今年过年新衣囖🧨@泛泛Fan 上海迪士尼 ,2,0,0,9月14日,2863101774,1
4.45E+15,徐猫癣滴日常 上海迪士尼的晚上！是真的有人造雪！（不过忘记拍了）但是错过了和人形玩偶合照有空我一定还要去一次！把没拍到的补上！I Jusswon ,423,72,0,12月5日,2110636030,1
4.45E+15,上海迪士尼网红亲子民宿拍照攻略和老板认识是在她的日料店“樱久让”，听说她在迪士尼附近还有一家网红民宿，不少明星都去呢！F4里面吴建豪欧巴的《这街2》就在这里取景过~这次正好朋友来上海玩，就定了这家想要试试看，正好再去迪士尼小镇带她玩玩呢！ 📍地理位置：它家是在川沙一块，有不少民宿。这里闹中取静，更适合居住。我们开车去的，门口免费停车，超棒！ 💜硬件&软件：我们去入住的时候，是晚上了。进去就看到灯光照耀下的无边泳池，可惜没胆下去。店里有3只可爱的小猫，不难看出主理人的一颗少女心和爱心呢！当然，爱心还体现在它家是亲子民宿，十分注重一些细节，比如：1⃣️亲子房内配有儿童拖鞋、浴袍等生活小用品；2⃣️小朋友睡觉的地方私密性强；3⃣️由于宝宝的入住，老板用戴森的空气净化器；4⃣️房间里有不少给小朋友玩的玩具；5⃣️一楼公共区域有海洋球共孩子玩耍，大人当然是更适合拍照啦！ ✔️选择民宿的原因是：1⃣️公共厨房可以使用，正值圣诞之际，我们干脆煮了个热红酒，一起闺蜜聊了一晚上呢！2⃣️这里还有开放的健身房~ 除外，对于我来说，选择民宿的话，会因为它的特色，适合拍照和舒适度都是令人考虑的点啦~就拍照方面来说，这次让我灵感大爆发，谁会想到，天哪~我住的是“蓝鲸”亲子房，居然这么适合拍呢！给你们规整一些点哈~拍照打卡点：1⃣️无边泳池，这个绝对是各个角度拍都很适合~（1）我在房间往下拍，早晚都不一样；（2）从自助餐厅里拍出去；（3）从厨房拿着红酒拍，哪怕是背景也能这么有个性！2⃣️房间亲子区域的楼梯处超级显大长腿，从下往上的视野更好；3⃣️儿童玩耍空间里的圆形区域也非常具有构图感，随手的玩具都是很好的摆件（遮脸道具）。 🥢关于吃的：1⃣️它家是有提供自助早餐的~中餐为主，比较健康。当然你也可以选择自己下厨！民宿的意义不就在这里嘛？2⃣️附近的话，我们那天晚上是在迪士尼小镇吃完回来的~因为那里有家酸菜鱼是我的心头好！ 最后，分享一些，迪士尼自拍照拍法~本想给你说说民宿，最后写成了拍照攻略~没办法，它家实在太好拍，张张都是大片~~~ 上海旅游上海民宿上海迪士尼魔都亲子民宿上海网红民宿无边泳池适合拍照拍照攻略上海景点旅游线路小众民宿明星海洋球 👏鹿绕云地址：上海市浦东新区周祝公路2657号 ,2,0,1,9月14日,1656457831,1
4.45E+15,迪士尼真是个快乐的地方🤗 ,5,0,0,9月14日,5298999539,1
4.45E+15,降雪的迪士尼夜太美🎄💕🎀🎉🎈🧸 上海·上海迪士尼乐园 ,2,2,0,9月14日,1851828962,1
4.45E+15,给第一次去上海迪士尼的你[带着微博去旅行] 码了以后参考  视觉酱的微博视频 ,52,3,25,12月3日,3323442082,1
4.45E+15,上海今天回暖了后天想去上海迪士尼，不过上海迪士尼是不是没有海洋公园啊？ ,540,332,5,12月5日,1796746792,1
4.45E+15,圣诞约会就来可以绝哭所有人的上海迪士尼乐园吧真的太绝了 上海·上海迪士尼乐园 Mandarren的微博视频 ,4,1,3,12月5日,6574710823,1
4.45E+15,哈囉🍪23快樂🍪上海·上海迪士尼乐园 ,10,14,0,12月5日,5686211937,1
4.45E+15,【终于不用翻包了！上海迪士尼开始使用X光机进行安检！】今年以来，由于限制游客自带食物以及要求对游客开包人工翻检，上海迪士尼乐园被推上了舆论的风口浪尖。而针对部分游客反映安检慢、繁琐、不友好等问题，12月2日，上海迪士尼乐园的两个安检通道开始测试使用X光机辅助人工服务的方式，进行游客入园前的安检。X光机安检通道对零食、饮料等不做特别要求，但手机、充电宝等金属制品，则需事先从包中取出。 ,0,0,1,12月5日,1668216997,1
4.45E+15,马上19年又过完了，你们还有什么计划没完成，来随便聊聊。1.年度爱用清单。2.19年最满意的5次消费。3.20年愿望/计划。4.去上海迪士尼+野生动物园。5..三坑衣柜巡礼视频。（年底太忙了大几率做不出来，可能要过完年。） ,12,26,0,12月5日,5144389339,0
4.45E+15,这次特意打飞的去了趟上海迪士尼顺便还去Reenex胶原自生中心做了胶原三部曲分别是非剥脱点阵激光+果酸焕肤+hydrafacial（水飞梭）不得不夸，全程体验下来非常好所以我马一千多字来说我的这次的yi美体验平仑记得看哦！！ ,85,58,3,12月5日,6107484584,0
4.45E+15,电影超话加勒比海盗 🌻经典中的经典，加勒比海盗超燃混剪去上海迪士尼玩了这个项目，迫不及待又来重温一遍 柾_kookie的微博视频 ,2,0,2,12月5日,2671561403,1
4.45E+15,WithDisney 开箱篇 — 07 达菲暖暖家居系列 今日开箱总结：✓  上海迪士尼 又一力作✓ 灰配粉很高级✓ 枕套真是神级周边！————————♥. ———————— 夜贝酱的微博视频 ,68,18,82,12月5日,2368677350,1
4.45E+15,啊啊啊，我死了！！迪士尼 上海迪士尼 奇奇蒂蒂,6,0,2,12月5日,5303571970,1
4.45E+15,华为回应前员工被拘251天华为的公关太厉害了，这跟爱国主义结合的亲密无间啊。网上不能说一点华为不好，只要说华为不好就是政治不正确，就是美帝国主义的走狗，就是没脑子，就是牧羊犬[哈哈]。那我前阵子喷上海迪士尼翻包，喷NBA，喷莫雷，喷肖华，怎么没见海军给我发个爱国主义奖章啊。        我这人啊，别的毛病没有，就是喜欢瞎操心，只要有不平事，那就要路见不平一声吼，我管你是华为还是迪士尼，天王老子做错事，劳资也喷得。,7,20,2,12月5日,6771312216,0
4.45E+15,中午吃什么 别问我中午吃啥？啊啊啊啊，看了这个中午完全没食欲了，只想着翘班去上海迪士尼 ！迪士尼 圣诞季 美食,16,0,9,12月5日,2394756302,1
4.45E+15,迪士尼烟花秀，录到手机没内存好在重要的都录了，最后结尾两分钟没录上！现场太震撼了！特别美！ Mathilda_Mandy的微博视频 ,6,2,2,12月5日,2249312510,1
4.45E+15,迪士尼的🍁也是很美～ 上海·陆家嘴 ,6,1,0,12月5日,5211258724,1
4.45E+15,并不是所有的努力都有回报的 ,1,0,0,12月5日,3553960762,0
4.45E+15,一份超详细的关于上海 &amp;关于迪士尼的攻略，拿好不谢～ ,2,4,2,12月5日,3181558672,0
4.45E+15,@上海迪士尼度假区 我是谁我在哪 上海·上海迪士尼度假区 ,1,0,0,12月5日,1834099612,-1
4.45E+15,上海迪士尼 今天是想念迪士尼的第六天 广州 ,10,8,0,12月5日,2276709632,1
4.45E+15,假装和女朋友偷偷去迪士尼 💗 上海迪士尼 ,11,7,0,12月4日,3898150451,1
4.45E+15,迪士尼上海迪士尼上海迪士尼神奇圣诞 12月3号下午的抓拍真的太有爱了 ,3,1,0,12月5日,6474750517,1
4.45E+15,Made In Christmas  ​​​◡̈近日欣喜ꀿªᵖᵖᵞ☺︎ꔛ♡﻿🌈 ᴿᴬᴵᴺᴮᴼᵂ ᴬᴸᴸᴮᵁᴮᴮᴸᴱ ᴮᴬᴮᴱ 🌻       💖🧡💛💚💙💜♬ ♬  ♩ ♡  ♪  ♪  ♫   ♭ ♫  ♡ ​​​🌈 Disney：🌈 Have a magic day!!✨🌼🤡🎈迪士尼有让人变可爱的魔法ʚ🐷ɞ今日心情是开口向上的抛物线喜欢这样的时刻有温暖见昏的光和影影绰绰藏不住的温暖💫上海迪士尼神奇圣诞圣诞季上海迪士尼 ,11,4,0,12月4日,5966914689,1
4.45E+15,🎇世界顶级主题乐园🎇全球最大环球影城落户通州💲投资500亿打造👭每年引入千万人流🎄占地4平方公里🎢三个上海迪士尼🏞600个足球场大小🏵漫威&amp;中国元素&amp;水上乐园 副中心2020的微博视频 ,1,0,1,12月4日,7025213704,0
4.45E+15,上海迪士尼启用X光机安检 针对部分游客反馈现有安检方式存在效率低、程序多、不友好等问题，上海迪士尼乐园的两个安检通道今日开始测试使用X光机辅助人工服务的方式进行游客入园前的安检。度假区发言人称目前处于测试阶段，将不断进行设备调试，为未来设置更多的X光机支持安检做好准备。 ,45,18,18,12月4日,7168988471,0
4.45E+15,十八图长图警告|•'-'•)و✧从12.1鸡仔带我去吃饭到2号去上海到3号生日快乐迪士尼，新的一年也要茁壮成长 ,20,21,3,12月4日,2062025195,1
4.45E+15,漫威80周年 如果我有超能力，就用来保护我们吃吃喝喝嘻嘻哈哈，过完平凡俗气的一生。 ,9,9,1,12月4日,1002348370,0
4.45E+15,上海迪士尼进入了冰雪季！夜景美得不可描述鸭～～[冰雪奇缘雪宝][冰雪奇缘雪宝][冰雪奇缘雪宝]迪迷小伙伴@JENNY兔仔 投稿分享 上海迪士尼冰雪奇缘冰雪奇缘2迪士尼迪士尼超话 ,68,14,52,12月3日,2394756302,1
4.45E+15,爱你three thousand times 上海·上海迪士尼乐园 ,1,0,0,12月4日,7337982810,0
4.45E+15,女生头像超话今天是简笔画迪士尼公主嗷♡上海迪士尼无水印壁纸迪士尼公主壁纸超话 ,13,6,4,12月4日,7259911451,0
4.45E+15,旅游出行提示媒体资讯快报1. 2020年元旦火车票3日开售2. 国内黄山等景区（景点）12月开始降价3. 高铁票价打折最大折扣幅度5.5折4. 跨豫皖鄂三省三条高铁于12月1日开通5. 西安成西北首个144小时过境免签城市6. 鼓浪屿导游威胁游客涉事公司被罚50万7. 上海迪士尼测试使用X光机进行安检8. 北京市全面推进服务业扩大开放又出新政。具体措施：允许在京设立的外商独资经营旅行社试点经营中国公民出境旅游业务（赴台湾地区除外）。,9,8,5,12月3日,3227943572,0
4.45E+15,春天有百花，夏天有知了，秋天有落叶，冬天有我呀😘     圣诞节快到了，来看看我呀☺圣诞超话上海迪士尼民宿超话上海民宿超话 上海·HERE民宿(沐野店) ,1,2,1,12月4日,6209095647,1
4.45E+15,来一波迪迷Vx群小伙伴分享的奇奇蒂蒂偷食玉米照奇奇蒂蒂上海迪士尼迪士尼迪士尼超话 ,56,9,17,12月4日,2394756302,1
4.44E+15,苑慧源  .Model：@苑慧源Gaby Photographer：@觉生 人像摄影超话迪士尼跟拍上海约拍上海迪士尼 ,112,145,33,11月30日,3207179242,0
4.45E+15,发布了头条文章：秋游季 旅行疯狂GO 上海旅行攻略  上海迪斯尼 《这样玩上海迪士尼乐园，一天可以玩到所有项目，秘密就在这里》 @微博旅游  这样玩上海迪士尼乐园，一天可以玩到所有项目，秘密就在这里 ,151,164,150,12月4日,2531011765,0
4.45E+15,适合圣诞打卡的城市  提起见圣诞老人🎅上海迪士尼小镇上，无需入园、无需门票，开心😄 上海·上海迪士尼乐园 佛系背包客的微博视频 ,449,64,55,12月4日,1198102231,1
4.45E+15,【饭圈八卦汇总】1.曹格一喝多了，会打旁边的人。  2.景甜现在资源回来了很多，但达不到之前的高度了。3.迪丽热巴之后不会跟嘉行续约，所以对方现在也不太重视她，还会故意卡她资源。4.赵又廷和高圆圆经常去上海约会。 5.易烊千玺即将担任上海迪士尼大使。6.靳东之前对着一个靠资本进组的女演员没有好脸色，对方是那种没演技的，他还挺不客气的当场diss了对方。,67,64,53,12月2日,2706266814,0
4.45E+15,上海迪士尼 全世界都催着你长大 只有迪士尼守护着我们的童心 上海·上海迪士尼乐园 ,7,1,0,12月4日,5234765623,1
4.45E+15,Veronica’s work 12.7 上海迪士尼限定“牧羊女”。 ,89,25,2,12月3日,2742307342,1
4.45E+15,【她们是中国坐式排球女队[憧憬]！期待姑娘们在2020东京残奥会的表现[心]】12月3日是 国际残疾人日。当日，中国女子坐式排球国家队的队员们来到了上海迪士尼乐园体验游玩。坐式排球运动最早于1956年在荷兰出现，与普通排球最大的区别在于击球时臀部不能离地。自2004年雅典残奥会首次将女子坐式排球列为正式比赛项目以来，中国女子坐式排球队已经连摘3金。在这些乐观的姑娘们眼里，“为国争光”也同样是在“证明自己”。提及未来，她们不约而同地希望，能够在即将举办的2020年东京残奥会上取得好成绩，为国争光。（徐明睿）,20,1,0,12月4日,2769885021,0
4.45E+15,上海迪士尼乐园启用X光机安检几年经验的上海迪斯尼独家路线，正确的游玩顺序才是真正能帮你省时间的攻略。没明白的可以再问哦！ 上海攻略君的微博视频 ,40,8,26,12月3日,6118811663,0
4.45E+15,上海迪士尼乐园启用X光机安检9月到如今12月，迪士尼乐园安检事件终于要收尾了，启用X光机安检是先前众多网友的提议。安全、高效，又能顾及游客体验，其实挺好的。至于那些杠精提到的辐射问题，没必要理会，或许他们没坐过高铁、地铁，没看过演唱会[允悲][允悲]之前迪士尼的安检方式存在效率低、程序多、不友好等问题，当前已经开放了两个安检通道开始测试使用X光机辅助人工服务的方式进行游客入园前的安检。乐园在改进，向好发展，但是游客素质能不能再提高一些呢？不求多出彩，但愿别抹黑！如何规范旅游不文明行为 就拿前两日，趵突泉里的大妈朝趵突泉内吐水事件来讲，文明旅游真的难么？且不说趵突泉的泉水会被很多人作为饮用水使用，如此纯净的泉水下得去嘴么？举围巾拍照除了俗点，但无害，为求创意拍照需遵守规矩，心里要有文明一根弦！文明旅游需要景区、游客齐发力，共自律～不止旅行,22,27,11,12月3日,1301495027,0
4.45E+15,如果沈月邢菲互换造型莫名其妙就被换脸内涵了，希望漂亮妹妹沈月天天拥有这种好心情央央金的微博视频 ,17,2,2,12月4日,5501736040,0
4.45E+15,上次去上海迪士尼买的圣诞盲盒～感觉还是挺有意思的！终于剪出来啦，给你们康康！ 喵拾柒的微博视频 ,23,21,0,12月4日,1787101881,1
4.45E+15,上海【上海迪士尼乐园启用X光机安检：测试使用X光机辅助人工服务的方式】针对部分游客反馈现有安检方式存在效率低、程序多、不友好等问题，12月2日，上海迪士尼乐园的两个安检通道开始测试使用X光机辅助人工服务的方式进行游客入园前的安检。你怎么看？via：logo ,824,2216,1412,12月4日,3307579552,0
4.45E+15,迪士尼超话 Christmas tree🎄上海迪士尼 @物语迪士尼disney ,123,1,269,12月3日,1916878670,1
4.45E+15,发射爱心💗 上海迪士尼 上海·上海迪士尼度假区 ,6,0,0,12月4日,1785522523,1
4.45E+15,孙弗林超话 哎呀我去……我终于可以正大光明带着丫姐翘课去看你了！14.15上海比赛，16号去迪士尼跟你来个偶遇吧！兴奋到爆炸啊！遇不遇的到，都幸福！起码那是有你的地方！@弗林君 ,31,1,0,12月4日,1301847924,1
4.45E+15,【上海•迪士尼】纯手打迪士尼两日游新鲜出炉！分享来自：啵_KYUJin ,30,1,11,12月3日,5709934839,1
4.45E+15,【超全的上海迪士尼攻略】内容全面多达29个项目介绍8场演出介绍游玩小技巧等......希望能帮到你们！旅行cr： 许许许许_许美琪 ,25,4,22,12月3日,5042538246,0
4.45E+15,名创优品跟迪士尼公主联名出了香水，也太会了吧‼️迪士尼公主口红色号这是什么神仙香水上海迪士尼乐园启用X光机安检 ,25,3,6,12月3日,6941721013,1
4.45E+15,开始密集工作的一周啦！这两天在上海参加活动 ，明天和一起七仔拍摄迪士尼短片，接下来在首尔乐天免税店参加活动，活动将在12月7，8号对外开放哦～✨有没有来偶遇的呀？🙋 ,2840,1629,4,12月3日,2101822767,0
4.45E+15,上海迪士尼乐园启用x光机安检 今年8月，上海迪士尼因人工翻包检查而引发社会舆论争议。日前，园区已选择了两个通道开始进行X光机辅助人工服务的安检流程测试，通过这两个通道的游客需要取出所有随身物品和包内电子产品放于置物篮内进行安检，游客则需要通过金属探测门。负责人也表示，安检过程中，如安检人员有要求，游客还是需要自行打开包袋将可疑物品取出。据悉，目前，上海迪士尼将通过测试观察技术稳定性和效率，全面覆盖至所有安检通道的时间未定。,7,0,2,12月4日,6860863702,-1
4.45E+15,迪士尼超话上海迪士尼迪士尼 [冰雪奇缘雪宝][冰雪奇缘雪宝][冰雪奇缘雪宝]🎄🎄🎄去迪士尼看雪啰 上海·上海迪士尼乐园 ,22,18,1,12月3日,6389691536,1
4.45E+15,上海迪士尼启用X光机安检,40,4,0,12月3日,1653537950,0
4.45E+15,上海迪士尼一日游攻略昨天终于去到迪士尼打卡啦[太开心]对象双十一在飞猪上买的双次票一人只要390很划算啦，淡季工作日真的很爽！！人不算特别多，小孩也不多[兔子]除了热门项目比如飞跃地平线、抱抱龙、小矿车之类的，其他项目基本都是10到30分钟左右，完全可以接受啦[ok]⭐停车场：本来打算早上10点入园，结果由于上海限行＋堵车的原因，我们拖到12点才到[摊手]停车场推荐p6停车场（小强停车场），在公众号上预约好后，38元停一天园区附近性价比最高的啦[嘘]⭐安检：入园安检的时候没有出现强制翻包的现象，工作人员也很热情，我和对象带了两瓶水＋一袋小面包安全入园👌（大家记得入园最好带好身份证哦，或者有身份证照片，不然是无法进入的）⭐fp：建议大家可以前一天就下好迪士尼app并注册，拿到门票之后第一时间进行绑定，然后就可以开始抢fp了，越早越好，一次只能抢一个项目，过两小时后才能抢下一个。由于最近天气真的比较冷[允悲]玩漂流的比较少，建议大家可以把飞跃地平线，小矮人矿车，加勒比海盗先拿到手哦，剩下的漂流＋极速光轮完全可以普通排队解决，10分钟都不用[机智]（玩漂流的朋友可以事先在网上买好，园内也不算贵10元一个）⭐吃饭：觉得园内恰饭小贵的同学推荐性价比很高的全家[嘻嘻]，就在出园区大门大概步行10分钟左右，迪士尼地铁站里面，便当15元左右吃的饱饱，还是相当方便的[作揖]⭐下午三四点左右的时候会有一次迪士尼人物游行，最后8点的烟花大家一定要提前准备好找到合适的位置，真的超好看[泪][泪]超级满足[泪]特别喜欢最后的时候广播里小哥哥说，希望大家珍惜自己的童心和梦想，希望大家都能有快乐的一天[心][心]这就是迪士尼的魅力哇[抱抱][抱抱],27,45,4,12月3日,1634075760,1
4.45E+15,迪士尼就是这座城市的一个缩影，内有上海迪士尼，外有东京迪士尼，这种竞争格局下还作，那只有成鬼城了。 ,69,36,18,12月3日,2208787052,-1
4.45E+15,上海迪士尼乐园启用x光机安检 安检是为了大家的安全,2,0,0,12月4日,2050309667,0
4.45E+15,【上海迪士尼超强攻略】必玩、路线、省时、门票、美食、 交通、周边，迪士尼究竟怎么玩，最全攻略在这里。 ,54,8,31,12月4日,2453884657,0
4.45E+15,和连同学一起玩超开心!被他牵着不用怕冷着饿着(虽然上海这两天冷得不行🎆迪士尼乐园比想象中的更快乐!!里面每个角落都很用心一整天都走不够到处拍照都好看夸下我宝的摄影技术回程路上还在认真地修图突然拥有好多喜欢的照片美滋滋分享快乐结束˜晚安⁽˙⁸˙⁾ʹ˜˜ ,12,16,0,12月4日,2216883687,1
4.45E+15,看到肥皂沫❄️也很兴奋🥰上海迪士尼 ,52,48,1,12月3日,5889914992,1
4.45E+15,女人真是爱折腾，黑发久了想染色，染色久了又想黑发；没有刘海想留刘海，有刘海又不想留了；卷发想直，直发想卷；裤子买多了想穿裙子，裙子多了穿腻了想穿裤子 循环往复，孜孜不倦 ,2,8,0,12月3日,6528295464,0
4.45E+15,【上海迪士尼乐园启用X光机安检：测试使用X光机辅助人工服务的方式】针对部分游客反馈现有安检方式存在效率低、程序多、不友好等问题，12月2日，上海迪士尼乐园的两个安检通道开始测试使用X光机辅助人工服务的方式进行游客入园前的安检。今年9月，有游客对于上海迪士尼乐园的安检方式提出众多意见。随后乐园表示，会在遵守相关法律法规和所有游客及其随身行李必须进行安全检查的前提下，尽可能降低安全检查对游客体验的影响。,3,6,5,12月3日,1657269881,-1
4.45E+15,上海迪士尼乐园启用X光机安检这评论看得我惊呆了那去医院照个x光得原地去世吧？？？ ,19,5,0,12月3日,3908408667,0
4.45E+15,上海迪士尼最强攻略       灰常详细，带着你的另一半去那个梦幻般的王国吧！ 上海旅行 ,12,2,11,12月3日,2137741580,1
4.45E+15,回去打今年的最后一场仗，带着我的水晶 ,2,0,0,12月3日,1805147233,1
4.45E+15, 上海迪士尼 ,37,2,0,12月2日,2319278380,0
4.45E+15,上海迪士尼乐园启用X光机安检不知道怎么说，本以为那政法学员的维权胜利会给上海迪士尼以重创，没想到竟然是给他做了宣传，游客仍络绎不绝，如今不得己都用上了Ⅹ光机来安检啦！真是难以料想呀每日金句 ,15,24,6,12月3日,5644727559,-1
4.45E+15,上海迪士尼乐园启用X光机安检🦋 想和喜欢的人去一次迪士尼乐园 ,45,6,6,12月3日,6560649879,1
4.44E+15,上海迪士尼游玩攻略最新版划重点：快速通行出了新用法，变成电子版的了，望周知！拿到门票后速度在APP上关联门票，以后拿FP拼的是手速。P1 总体介绍，重点是快速通行的新用法P2 一日游行程P3-P5不同片区的游乐项目介绍P6 娱乐演出介绍P7 餐饮介绍P8 商店介绍P9 和卡通人物合影 ,422,59,262,12月1日,5042538246,0
4.45E+15,【上海迪士尼启用X光机安检 [偷笑]】12月2日，针对部分游客反映安检慢、繁琐、不友好等问题，上海迪士尼乐园启用X光机安检。次日，记者前往上海迪士尼安检现场发现，乐园的两个安检通道各新增一台X光机以及新的指示牌。记者看到，这两个安检通道的游客在迪士尼安保人员的指引下有序进行行李物品和个人安检；其他安检通道目前仍为人工安检。（徐明睿）,7,0,0,12月3日,2769885021,0
4.45E+15,贝尔自然探索中心深圳海上世界12月13日开馆！场馆18000㎡，五层，三个主题馆近30项游玩项目！由大名鼎鼎上海麦司设计制作：迪士尼乐园、香港海洋公园、常州嬉戏谷、华侨城欢乐谷等多个国内大牌乐园都是出自他们之手！ ,1,0,0,12月3日,1911882064,0
4.45E+15,【📣12.7-8上海迪士尼小镇集市】公益娃预告👶🏻特别鸣谢娃衣作者:@Iamzx_支田田 特别鸣谢娃鞋作者:@花卷Lune 特别鸣谢娃…亲妈的师父:@馒头Abby ob11超话ob11 ,5,2,2,12月3日,1347171115,0
4.45E+15,看完冰雪奇缘后的我上海迪士尼也表演也冰雪奇缘2里的经典片段 收视小福星的微博视频 ,147,109,108,12月3日,2427185642,1
4.45E+15,"上海迪士尼乐园启用X光机安检被巴黎迪士尼的这个广告感动哭了，真的太走心了，一只遇到爱豆的鸭鸭，怎么能这么可爱  可爱, 巴黎迪士尼暖心短片《鸭鸭》: 鸭鸭也太治愈了吧! 为梦想冲鸭! ",27,2,14,12月3日,6414541519,1
4.45E+15,来来来，和77DD一起啃玉米棒子！奇奇蒂蒂 迪士尼 上海迪士尼,16,3,8,12月3日,2394756302,0
4.45E+15,【上海迪士尼 奇奇蒂蒂日常】哎呀别碰我，我要划船蹲着划倒着划？！？奇奇蒂蒂玉米杯  蕉绿青年的微博视频 ,5,1,31,12月3日,1691127162,0
4.45E+15,本月三个愿望：1.  去帝都看一场故宫的雪❄️2. 去上海迪士尼当一次小孩子👧🏻3. 去参加一场偶像见面会做追星女孩🌟 ,1,5,1,12月3日,1962665821,1
4.45E+15,上海迪士尼乐园启用X光机安检 这种方式挺人性化的，至于有人担心辐射问题，也是太过杞人忧天，坐地铁、乘高铁都有相应的X光机安检，甚至坐飞机所接受的安检更严格。还有网友觉得此种方式太过麻烦，其实是相较于之前的人工开包检查，已经很快捷省事儿了，迪士尼乐园毕竟是人流密集区，安检也是确保每位进入乐园游客人身安全。目前，安检通过X光机辅助人工服务的方式还处于测试阶段，还需要根据游客的实际体验做相应地调整，使之更加趋于人性化的同时，还能保障安检工作的顺利进行。网友既然抱着娱乐休闲的心态去迪士尼乐园，也应该有份耐心去期待乐园变得更美好。,92,31,25,12月3日,2099956712,0
4.45E+15,粉丝投稿：迷人的鸭屁屁手机壳来咯！上海迪士尼哒！每日吸鸭屁超话 ,433,262,291,12月2日,5811341303,0
4.44E+15,易烊千玺 上海迪士尼形象大使  ,451,92,44,11月28日,5316215492,0
4.45E+15,【上海迪士尼乐园启用X光机安检 未来将设置更多设备[思考]】此前上海迪士尼乐园的人工安检翻包方式引发热议。记者今天获悉，上海迪士尼乐园目前已启用X光机进行游客入园前的安检。度假区发言人称，乐园目前正在进行“使用X光机、并辅助以人工服务进行安检”流程的测试。期间将不断进行调试，为未来设置更多的X光机支持安检做好准备。@看看新闻 ,58,40,8,12月3日,1663072851,0
4.45E+15,上海迪士尼乐园启用X光机安检 用现代科技代替效率低下的人工翻检并没有难度，难点是彻底消除霸王条款，切实尊重游客的消费自主权利。至此为止，依然有不少网友替过去的禁止自带食品政策辩护，并举出“我的地盘我定规矩”等说辞。首先公园、景区等“地盘”具备一定公共属性，其私有定义程度远远小于住宅、咖啡馆等小型室内场所。而作为规模宏大的室外景区，亦不同于狭小密闭的地铁车厢，禁食规则不仅不必要，而且不人道。几乎所有类似规模的公园，无论是国营私营，都不会干涉游客自带饮食，迪士尼才是少数。虽然禁带食品确有可能带来环境的整洁，但是如果这种整洁以侵权为代价，它是不是值得去拥护。文明与自由可以兼得。每个游客有自带食物的权利，也有不乱丢垃圾的义务，后者是管理方可以名正言顺进行倡议和执法的范畴，相信在赏罚分明的引导之下，会证明方便面汤水横流纯属一些人的恶意脑补。,72,94,3,12月3日,1098512281,1
4.45E+15,上海迪士尼乐园启用X光机安检 这个有点厉害了，虽说如此确实降低了安全检查对游客体验的影响，但X光机是否为医用设备，对人体有无辐射伤害，尤其是对孕妇小孩、老弱病残等人群，我不是很懂医学方面的常识，但个人爱好旅游，不希望如此看似人性化的安检，到头来对人体是有伤害的。另外，迪斯尼内的食品可否物美价廉些，东西好吃点，售价便宜些，如果从这方面入手改变，才是从根上应对吧，游客也不会自带啥食品饮料。旅游美食帝,34,45,14,12月3日,6080088411,-1
4.45E+15,上海迪士尼乐园启用X光机安检安检应该更严一些，这种都是孩子的娱乐场所，越严格越好，否则我都不敢去去过三次的表示，一点都不觉得麻烦，不让带的东西绝对不会带，公共场合不是你家，受不了别去，让我们少排一会儿队。 ,20,5,0,12月3日,2032353233,-1
4.45E+15,上海迪士尼乐园启用X光机安检 迪士尼乐园扮黛西的工作人员正准备下班，这时有人冲她喊了一声“嗨，黛西。”结果这只鸭鸭马上帅气180度转身，敬业指数满分啊！ cr:YouTube精彩视频的微博视频 ,37,3,7,12月3日,1722628512,1
4.45E+15,上海迪士尼乐园启用x光机安检该不该告诉孩子童话是假的 那个女人又来了 傲娇又毒舌 特能唠嗑啊 这次化身玛丽菲森 爱死她了  又想带上宝宝去迪士尼了  羊羊咩咩吖的微博视频 ,8,1,1,12月3日,2032483417,1
4.45E+15,上海迪士尼乐园启用X光机安检 x光机还有神经病杠。乐园里很多小孩子不安检出事你负责？拿键盘负责？还有沙雕说辐射，手机也有辐射你别用了 ,15,2,0,12月3日,6097739300,0
4.45E+15,上海迪士尼乐园启用X光机安检  据媒体报道，近日开始，为遵循相关法律保证游客安全，上海迪士尼乐园启用X光机安检对游客身上的行李进行检查！  几条视频的微博视频 ,1155,268,136,12月3日,5079792230,0
4.45E+15,上海迪士尼乐园启用X光机安检小时候喜欢白雪公主，长大后喜欢毒皇后，白雪公主后妈开启疯狂怼人模式，莫名还有点可爱是怎么回事哈哈哈哈  天呐ws ！！婊情到位 ！迪士尼最狠毒的优雅婆娘，哈哈哈哈 童话中走出的毒皇后，永远要彩虹屁的女人！_1 ,13,0,6,12月3日,6421121201,1
4.45E+15,设计美学超话上海迪士尼乐园启用X光机安检上海大学美术学院油画系作品欣赏艺术封面图绘画参考设计美学时尚遇见艺术 ,26,61,2,12月3日,1778488742,0
4.44E+15,◡̈⃝ʚ 成为你城堡里的小公主很幸福 ɞ 日常超话上海迪士尼乐园 ,88,41,0,12月1日,1801356073,1
4.45E+15,上海迪士尼乐园启用X光机安检《迪士尼后妈茶话会》，后妈们聚在一起说公主的坏话，rap  battle真的太带感了吧！  一首很魔性的歌《迪士尼后妈茶话会》 ,6,0,1,12月3日,6420901148,1
4.45E+15,,274,150,155,12月2日,1743362001,
4.45E+15,上海迪士尼乐园启用X光机安检杠精真的别去迪士尼了，去了也不会觉得好玩的，每天上网敲敲键盘就够满足了吧 ,14,0,0,12月3日,5023944742,-1
4.45E+15,上海迪士尼乐园启用X光机安检航拍 _ 迪士尼烟花大会，全世界都在催你长大，只有迪士尼说慢点吧慢点吧 趣闻局长的微博视频 ,5,0,1,12月3日,1767809875,1
4.45E+15,"上海迪士尼乐园启用X光机安检如果我以后有了小孩,带她去这样一个人流密集且从世界各地都有人汇聚而来的地方,别说翻包检查了,在门口查体温查有没有传染病我都愿意[作揖]我不在乎安检怎样怎样,只在乎是否安全,能不能开开心心玩,平平安安回来[心](去过3次了,安检人员又温柔又有礼貌,有些东西也是先询问我是否可以打开看一下,过程也就十几秒钟而已啊…)",17,17,0,12月3日,2912491467,1
4.45E+15,上海迪士尼乐园启用X光机安检cnm一群憨批在这边当键盘侠   没做过地铁高铁飞机吗  没过过安检吗？？？？？村里通网了吗？？？？？？？？早就该在让你爸以前在医院拍x光时把你这个精子照死 ,16,8,1,12月3日,2818212944,0
4.45E+15,上海迪士尼乐园启用X光机安检 《冰雪奇缘2》高端艺术剪纸制作。形象设计到剪裁，纯手工完成哦！圣诞节你想要一份同款贺卡吗？今日世界新鲜事 冰雪奇缘2 咪姐带你看世界的微博视频 ,12,0,4,12月3日,7063787500,0
4.45E+15,上海迪士尼乐园启用X光机安检 来看一个动画短片，了解X光片是如何形成的！cr：放射科那点事儿的微博视频 ,1,0,8,12月3日,1880195485,0
4.45E+15,上海迪士尼乐园启用X光机安检 光鲜亮丽的表面，进园寻梦的艰难，童话故事的纯洁就是一道门阻隔了孩子们的梦想。法律诉求通过舆论曝光从而推动社会进步，这是我们最希望看见的，把那些个不合理的情况逐一打破。 ,3,2,2,12月3日,3940523235,0
4.45E+15,"上海迪士尼乐园启用X光机安检 震惊世界的新型数码扫描仪，可看清身体任何部位CT, 磁共振，X光，B超以后将被全部淘汰？  健康养生-赵琪的微博视频 ",4,1,8,12月3日,2275231151,0
4.45E+15,上海迪士尼乐园启用X光机安检 有游客对于上海迪士尼的安检方式提出意见，随后乐园表示会遵循相关法律和游客身上的行李进行检查！上海热门生活播报的微博视频 ,803,170,103,12月3日,5101393511,0
4.45E+15,上海迪士尼乐园启用X光机安检  畅游上海迪士尼，圣诞节前，每天晚上都会上演精彩的冰雪奇缘，太美了～ 普吉岛王权新罗接送的微博视频 ,15,49,2,12月3日,3798850551,0
4.45E+15,【终于！上海迪士尼乐园启用x光机安检  12月还有很多新惊喜[喵喵]】日前，上海迪士尼乐园的人工安检方式引发了游客和公众的不同声音。据媒体报道，上海迪士尼乐园目前已启用X光机进行游客入园前的安检。进入12月，迪士尼小镇已经换上了“圣诞装”，《冰雪奇缘》主题演出、疯狂动物城等也有新动静，你期待吗？（图片来源：上海迪士尼度假区）上海迪士尼安检启用X光机 上海迪士尼来啦 上海迪士尼攻略,2,0,3,12月3日,1927786044,0
4.45E+15,上海迪士尼乐园启用X光机安检 进一步优化安检流程，未来将设置更多设备。迪士尼先是允许带食品了，现在也开始使用安检设备，不再翻包了，这个是好事。我多次说过，社会发展需要较真的人去推动，迪士尼的这些改变，还真的是华东政法大学小王同学推动的，给他点个赞！ 武汉 ,23,8,6,12月3日,2661992301,0
4.45E+15,上海迪士尼乐园启用X光机安检香港迪士尼的智能垃圾桶和游客的超搞笑聊天……简直要被这对话萌哭了好嘛    搞笑幺妹的微博视频 ,7,3,4,12月3日,3612591544,0
4.44E+15,上海迪士尼超话 和CM摸头捧脸，和乐拍通&amp;高飞拍掌击拳。老板和老板娘好甜 人见人爱 ,34,10,5,12月2日,2435701517,1
4.45E+15,【上海迪士尼乐园启用X光机安检 ：目前处于测试阶段[并不简单]】 据媒体报道，针对部分游客反馈现有安检方式存在效率低、程序多、不友好等问题，12月2日，上海迪士尼乐园的两个安检通道开始测试使用X光机辅助人工服务的方式进行游客入园前的安检。度假区发言人称目前处于测试阶段，将不断进行设备调试，为未来设置更多的X光机支持安检做好准备。据悉，今年初华东政法大学法学专业一名学生到上海迪士尼游玩，因携带的零食遭到园方翻包检查，被要求扔掉或提前吃完。3月5日，小王认为自身权益被侵犯将迪士尼告上法庭。8月22日迪士尼总部回应称，无法回复关于上海迪士尼的问题，后者称上海迪士尼不接受调解，不会就禁带食物、翻包检查等规定做更改。9月6日，央视财经报道称，上海迪士尼乐园管理方首度松口，表示将调整外带食物的规定。9月7日，央视财经记者赶到了上海迪士尼乐园，发现目前游客可以携带食品入园，但是翻包的现象依然存在。9月11日，人民日报报道称，即日起，上海迪士尼度假区开始正式实施其主题乐园的食品携带新规。11月12日，媒体报道称，上海迪士尼入园安检新规实施两个月，记者入园发现，安检人员依旧会对游客进行“搜包”检查。上海迪士尼乐园此前发布安检新规中表示，未来将采用X光机等设备辅助安检工作，但记者发现相关设备仍未投入使用。,68,79,13,12月2日,6890756658,0
4.45E+15,上海迪士尼乐园启用X光机安检  此前上海迪士尼乐园的人工安检翻包方式引发热议。上海迪士尼乐园目前已启用X光机进行游客入园前的安检。新京报我们视频的秒拍视频 ,143,99,201,12月3日,1765216783,0
4.45E+15,上海迪士尼乐园启用X光机安检那些游客在迪士尼玩过山车时，不可思议的画面。你最喜欢的迪士尼项目是？ crOfficialdisney ,13,2,2,12月3日,6140533125,0
4.45E+15,上海迪士尼乐园启用X光机安检感受下迪士尼最好玩的创极速光轮，全程酷炫，太爽了！ 秒拍视频 ,13,13,3,12月3日,6551254602,1
4.45E+15,上海迪士尼乐园启用X光机安检之前翻包 被骂 用了X光机 又说有辐射的 这就说明了一个问题 你想做键盘侠的时候什么都阻止不了你这颗恶臭的心 ,52,21,1,12月3日,1680155125,-1
4.45E+15,你就像早晨的太阳一样有朝气蓬勃篮球上海迪士尼搞笑视频坊腾讯耳机三星 ,31,4,0,12月3日,7303134863,0
4.45E+15,时隔2年，在刷上海迪士尼…圆满了～就是这一次为了今天要上班赶着回家没有看完烟花有点儿遗憾。貌似在巴黎迪士尼的遗憾也是没能看到烟花 上海·上海迪士尼乐园 ,17,15,0,12月3日,2535132295,1
4.45E+15,迪士尼公主对戒  航拍上海迪士尼乐园烟火大会，简直比梦更梦幻！是不是超想和爱的人一起去看了？  上海热点头条资讯的微博视频 ,210,113,142,12月2日,1765216783,0
4.44E+15,嗯哼哼，先放一边，下班再吃～！ [带着微博去旅行] 达菲熊超话上海·上海迪士尼乐园 达菲熊Duffy的微博视频 ,55,31,8,12月1日,5636874278,0
4.45E+15,【每日吃瓜🍉】王子异跟伊利的合作马上就要官宣了。李现接下来有个酒品牌的代言。易烊千玺会成为上海迪士尼形象大使。蔡依林：《男人装》。 ,329,111,101,12月2日,6511173216,0
4.45E+15,大家想看的上海迪士尼攻.略.做出来啦～去过七次后的吐血总结从门票到酒店，再到游玩、餐饮，片尾，应该是一个全方位的入园指南了，希望对大家有帮助。P1 门票酒店攻略P2-P3 FP，入园前贴士P4-P7 游乐项目及表演全测评P8 餐饮建议P9 购物小贴士作者：大甜果pinkokoo ,4,0,3,12月2日,5042538246,0
4.45E+15,上海迪士尼迪士尼乐园上海迪士尼乐园上海迪士尼超话 @上海迪士尼度假区翱翔·飞跃地平线 ◆ 上海迪士尼排队王者 上海·上海迪士尼乐园 alexalleys的微博视频 ,7,0,3,12月2日,5875907531,0
4.45E+15,好了好了，官宣了满足了，一颗少女心的我 上海·上海迪士尼乐园 ,7,20,0,12月2日,2482509401,1
4.45E+15,特别开心滴完成了我的第一个Vlog呀～[太开心][太开心]我（化身小兔子）和深圳的@雷雷--玛雅历法解读师 （化身小狐狸）、济南的@热情的哈哈凤 （化身小米奇）前段时间一起去上海迪士尼玩耍，特别满足且尽兴！[憧憬][憧憬]凤凤全程攻略，雷雷安排住宿行程，我嘛～负责背包和摄影[笑cry]（不用动脑的日子真是轻松啊～）这次@上海迪士尼度假区 给我的触动有仨——1.每一个主题园区适配主题音乐，每一处细节（路灯、音响、栏杆等）都与主题贴合的完美，走在乐园里就是满满的主题沉浸感，身临其境深陷童话之中，完全忘记了自己的世俗身份，回到开心的孩童时期[哈哈][哈哈]2.许多项目（不太确定是不是全部因为没有都玩）在排队区就开始营造游戏氛围，灯光和布景都让人感觉好像站在了游戏空间里一样，有些还设置了手机线上互动游戏，闯关需要在现场找到答案。30min以内的排队根本感觉不到是在排队！[憧憬][憧憬]3.晚上9点我们从购物小镇出来，感觉一整天很疲惫了，工作人员却还在和我们微笑挥手告别，一下子就被满满的温暖击中！还有晚上焰火表演结束后人还没有走完，就有清洁人员开始清理地上的垃圾！整个园区真的一尘不染，包括卫生间内！为迪士尼的工作人员们点赞！[鼓掌][鼓掌]感谢这个童话般的乐园为许许多多人们带来的爱和美好[心][心]把笑容送给每一位所遇之人，把快乐带给每一个独特的灵魂，置身其中的人们一定都会很开心吧！感谢凤凤带来的大欢乐，感谢雷雷带来的小可爱！最后的最后，如果你要去迪士尼，就约上内心拥有爱和童真的伙伴们一起去吧！ ,4,1,2,12月2日,2475988330,1
4.45E+15,这天，Duffy 和 ShellieMay 洗完澡发现浴室门口放着新拖鞋和浴巾，走回房间更发现大惊喜，被粉灰色碰撞围绕的温暖卧室。有什么东西可以让小屋瞬间染上可爱氛围？是 上海迪士尼 达菲暖暖家居系列周边！ ,95,24,65,12月2日,2368677350,0
4.44E+15,XIAN稀物集AT上海迪士尼 人生就是游乐园 玩得开心最重要早呀 祝你们拥有一整天的好心情 ,2865,776,117,12月2日,1727667357,1
4.44E+15,【素昧的VLOG16.迪士尼拍摄的一天~】全世界都在催着我们长大而迪士尼还在守护着那一份童真[围观] 上个月去上海迪士尼乐园的vlog终于剪出来了[照相机][照相机]由于这次去迪士尼乐园是有工作任务的，很多项目都没来及体验，不过很开心看了游园会呀，鸭鸭还笔芯心啦！ 最后再唠嗑一句，迪士尼的烟火真的好美，希望以后有机会和大家一起去看~[心]汉服[超话] 汉服 上海 迪士尼 VLOG 穿着汉服去旅行 国风美少年 VLOG[超话] ,38,20,2,12月1日,1756732291,0
4.45E+15,主编君唠嗑 我眼中的上海迪士尼 ,121,47,27,12月2日,3705642654,0
4.44E+15,上海迪士尼超话 可爱的圣诞摇摆舞 ,18,5,1,12月2日,2435701517,0
4.44E+15,每日壁纸|迪士尼冬季来了哦～还有之前🉐️哈哈哈达菲是迪士尼一哥嘛上海迪士尼手机壁纸壁纸迪士尼壁纸唐老鸭头像情侣头像表情包超话壁纸超话 ,102,34,7,11月28日,6120627793,1
4.45E+15,爱奇艺尖叫之夜正在battle 目前前十排名来了！肖战 第一，之后依次是 蔡徐坤 王俊凯 李现 易烊千玺 刘宇宁 张艺兴 王源 李汶翰 范丞丞。易烊千玺 目前主要就是准备12月份的演唱会，他代言华为的nova效果不错，华为之后可能会打算给他升线，另外他还有一个上海迪士尼的形象大使待官宣。高以翔 本来都准备和女友订婚了，这回他出事对他女友的打击也很大，高以翔的女朋友Bella如今更新了她自己社交账号的签名，内容是：“whatever we are...You and I will always collide. （无论如何，我们终会相遇。）”于正 现在已经拿到《斛珠夫人》的制作权了，是嘉行给的，这也意味着双方是真的要合作了。胡彦斌 其实还挺招女孩子喜欢的，虽然颜值不太行，但是真的很有才华，每次他对哪个女孩子有意思都会用音乐来打动她，这种撩妹方式对胡彦斌来说轻车熟路。张云雷 出事后又被他师傅“藏”起来了，希望他这段时间低调一点。少班主郭麒麟却因为在新剧里的出色表现吸了不少粉，他和圈里很多人关系都不错，尤长靖还专门去给他捧过场。在圈里只要逮住机遇赚钱还是挺容易的，发际线 小吴 火了几个月就净赚不少钱，甚至还有公司想签小吴，但是人家小吴志不在娱乐圈，比较想去卖车。王嘉尔有批通稿确实被外包公司退回了。说起来也是挺奇怪的，王嘉尔的这批通稿竟然和某位明星的发生冲撞了。虽然王嘉尔这边早就和外包公司都商量好了，但奈何对方背后的势力以及咖位都比他强，在这样的情况下，外包公司也只能让王嘉尔先受点委屈了，反正王嘉尔又不是那种爱找麻烦的人。,5,2,0,12月2日,5119843497,0
4.44E+15,𝓕𝓁𝓸𝓌𝓮𝓇 𝒟𝒶𝓎 踏入十二月 𝟐𝟎𝟏𝟗也是你们过得最快的一年吗？预约上海民宿场地：@HERE设计生活民宿By@花艺师Anny -上海迪士尼民宿上海求婚布置 ,31,8,3,12月2日,5904097907,0
4.44E+15,香港迪士尼员工：今年圣诞节的迪士尼游客很少，即便是到了周末，几乎所有项目也不需要排队，最多需要等上五分钟，就可以玩了。似乎看到了，上海迪士尼笑呵呵的模样。香港航空停飞部分航班 ,412,246,43,11月30日,1066084335,1
4.44E+15,D2:2019.11.28     上海迪士尼 上海·上海迪士尼乐园 ,21,14,0,12月1日,2219138110,0
4.44E+15,迪士尼真的泰好玩了！！就算走了2w➕步也还是想夏天再去一次！！飞跃地平线的排队区居然成为了避寒的地方哈哈哈这个季节去大家一定要多穿点保命要紧！！ 上海·上海迪士尼乐园 ,3,2,0,12月2日,2295812887,1
4.44E+15,和闺蜜一起玩迪士尼简直太开心了还给你们带了🎁 可以期待一下下 上海·上海迪士尼度假区 ,151,81,3,12月1日,6107484584,1
4.44E+15,哇！每棵圣诞树都有小心思！！,281,36,103,12月1日,5811341303,1
4.44E+15,关于冬天最美好的想象迪士尼上海迪士尼圣诞节 上海·上海迪士尼乐园 Vrsbluu的微博视频 ,23,9,7,11月30日,3205482085,1
4.44E+15,我老姐给我在迪士尼买滴！(  •̆ ᵕ •̆ )◞♡都太可爱了吧！手感好好！ ,4,2,0,12月1日,2721255385,1
4.44E+15,情侣头像超话上海要0℃了，来迪士尼玩的小可爱可要注意保暖了图1.2是萌娃金雪头像，可做闺蜜头像，也可做单头，图3.6是穿上保暖衣的猫咪情头，图4.5是nick和judy情头，也是迪士尼人物，图7.8是狗狗情头，超级可爱呐，有种宠溺的感觉2019，最后一个月，撸起袖子干！加油！ ,12,19,0,12月1日,5687507050,0
4.44E+15,I❤️SH上海上海迪士尼 漳州·厦门大学漳州校区 ,13,6,0,12月1日,5926098069,1
4.44E+15,没有去迪士尼的2019是不完整的/下雪的迪士尼也太梦幻了FantasyLand姐妹们🐛啊！4⃣️刷DONE迪士尼上海·上海迪士尼乐园 五日天主唱阿言的微博视频 ,20,7,0,11月30日,2568836582,1
4.44E+15,去了上海迪士尼～上海真的好冷好冷好冷好冷好冷啊救命 ,4,2,0,12月1日,5579939023,0
4.44E+15,网友爆料:美国和法国的迪士尼乐园均允许游客携带食物，但是来到中国的上海迪士尼却“标新立异”，从开业的不搜包到2017年开始搜包，翻包检查，而且把这种检查当成了惯例，发现零食要扔掉。游客如果不同意，但是要寄存费要80元，高铁站跟机场都没权利做的事，给你游乐场做了，谁给了迪士尼公司搜包的权利？同样的性质来到中国为什么对中国人民是双重标准？ ,5,3,2,12月1日,6395287010,0
4.44E+15,一个合集上海迪士尼超话 ,21,5,0,11月30日,1921547641,0
4.44E+15,去年暑假东莞之约后的再见时隔一年半，可爱的我又见到了可爱的你，明年上海迪士尼走起@被时光掩埋的傻子 @卢张小平 材料终于写完，睡觉ps:姜虎东烤肉要给一个大写的赞 深圳 ,4,2,0,12月1日,2243800503,1
4.44E+15,上海迪士尼 二刷迪士尼我们一起快乐无边🎄🎄 上海·上海迪士尼乐园 ,15,14,0,11月30日,5222064359,1
4.44E+15,A very special frozen invitation —来自乐园的冰雪邀请函[冰雪奇缘雪宝]上海迪士尼下“雪”啦2019.11.22-2020.1.1❄️来邂逅冰雪，许下心愿❄️🎄点亮圣诞奇缘🎄 上海·上海迪士尼乐园 ,31,5,3,11月29日,1798649605,0
4.44E+15,想去！,46,0,22,11月30日,1641949434,1
4.44E+15,🎄 来林间剧场听新歌啦[冰雪奇缘艾莎][冰雪奇缘安娜][冰雪奇缘雪宝]上海迪士尼超话 点亮圣诞奇缘 冰雪奇缘2 冰雪奇缘超话 dondongWang的微博视频 ,7,1,2,11月30日,1799900642,0
4.44E+15,怀着童心 欣赏众生 得一个吻💋上海迪士尼 …&lt;&lt;&lt;&lt; 上海·上海迪士尼乐园 伦沙的微博视频 ,10,2,0,11月30日,1736050980,0
4.44E+15,@上海迪士尼度假区 上海迪士尼乐园 『疯狂动物城』主题区的施工围板上又有了一些变化，这些“小广告”跟这个主题区会有怎么样的关联呢？source：一位经常蹦迪的迪士尼铁粉年卡宝宝 ,14,3,6,11月30日,2893305223,0
4.44E+15,除了天气不作美其他看图咯 无锡 ,1,0,0,11月30日,3771235765,0
4.44E+15,冬天快乐～  达菲熊超话上海·上海迪士尼乐园 ,69,21,9,11月30日,5636874278,0
4.44E+15,【小八每日爆料汇总】1.王子异跟伊利的合作马上就要官宣了。2.李现接下来有个酒品牌的代言。3.易烊千玺会成为上海迪士尼形象大使。4.蔡依林：《男人装》。5.UNINE、昆凌、成龙、苏菲玛索、莎拉布莱曼等也会出席海南岛电影节开幕式。 ,320,194,204,11月30日,6511184518,0
4.44E+15,2020最想去的地方想去上海的迪士尼想去北京看故宫的雪想去日本看樱花想去云南大理丽江想去重庆成都吃火锅最后一个：想看eason演唱会 无论在哪 我大郑州更好 ,64,17,1,11月30日,6189922166,1
4.44E+15,白鹿超话bl白鹿迪士尼 白鹿✘上海迪士尼‖截修6p你是不是淋到雨啦不然怎么会可爱到发芽🌱 @白鹿my ,49,14,3,11月29日,1810549210,0
4.44E+15,2020最想去的地方想去日本看樱花想去台湾逛夜市想去上海的迪士尼想去云南看苍山洱海想去内蒙古的大草原想去新疆看沙漠看胡杨 ,15,18,0,11月30日,2714838143,1
4.44E+15,上周五在@上海迪士尼度假区 艾莎女王和安娜女王的首场合体演出Into the Unknown ❄️🍂❄️🍂冰雪奇缘2 上海·冰雪奇缘-欢唱盛会 ,36,4,4,11月29日,2652864734,0
4.44E+15,【上海迪士尼旅行攻略】写了三天，几乎把自己前期查到的，和经历的都记录下来啦～❤️️ 如何在没有尊享卡，还只领到一张FP的情况下，几乎玩遍大项目做好计划➕早到➕跑得快  绝对干货 via.YIberDme ,22,0,4,11月30日,5799656771,1
4.44E+15,✨芭萨卡的预定还有最后几分钟就结束啦✨🧸感谢大家对他和我们的支持！为了确保芭萨卡能回到各自的家中过春节，我们会持续努力的！！💪🏽另外！芭萨卡接下来的行程，会是上海迪士尼～！❤️敬请期待❤️ ,40,35,0,11月29日,1879479925,0
4.44E+15,航拍的上海迪士尼烟火大会，真的是世界上最梦幻美好的地方！太美了吧 热点集的微博视频 ,10,1,6,11月30日,6586580911,0
4.44E+15,上海迪士尼全世界都在催着你长大💒只有迪士尼守着你内心的童话🎠 分享来自：菁匠 ,10,1,6,11月30日,5799656771,0
4.44E+15,我自酌酒村江。斗转星移好华章。随缘自在。独立舷窗。妙禅何境。松竹月光。想我年少。也曾痴狂。红尘嚣嚣醉。拂袖飞扬。三山啸。龙吟长。鼓琴缤纷八荒。笑泱漭。荡气回肠。五湖四海。不过池湟。渔樵布衣。不羡金裳。折梅叙手。拈花弹指。筝弦鸣铿锵。天地无我。怎判混茫。北京夜场上海夜场上海苏州夜场 杭州夜场广州夜场深圳夜场重庆夜场成都夜场夜场夜总会上海迪士尼澳门夜总会夜场ktv上海约拍 ,18,9,1,11月30日,6869391195,0
4.44E+15,寻找童话世界里的自己 上海·上海迪士尼乐园 ,6,2,0,11月30日,1876518494,0
4.44E+15,迪士尼影业出品的动画巨制《冰雪奇缘2》全国热映，上海迪士尼度假区幻化成迷人的“冰雪奇缘”仙境……昨日，上海迪士尼乐园迎来上海今冬的第一场“雪”，并为游客开启系列冬季沉浸式体验活动。你那里下雪了吗？ ,9,2,2,11月29日,5639785164,0
4.44E+15,上海迪士尼 总能满足我童心的奇幻地方雪宝真实表现当代大学生特点 上海·上海迪士尼乐园 ,8,0,0,11月29日,3177052230,1
4.44E+15,一定要和最爱最爱的人一起来上海迪士尼哦 ,13,12,0,11月29日,5887775699,1
4.44E+15,许魏洲主演的影视剧《亲爱的麻洋街》将于明年第一季度上线，有人期待吗？综艺《王牌对王牌》第五季MC关晓彤。易烊千玺将成上海迪士尼形象大使。12月1日海南岛电影节开幕式嘉宾：肖战、李易峰、朱一龙、王一博、李现、UNINE等。电影《白银往事》演员暂定刘昊然、冯绍峰、陈道明，导演是陆川。赵丽颖最近在接触一本大杂志的开年刊档期。综艺《青春有你2》PD鹿晗，田馥甄、王琳凯都会去当导师，綦美合是真的去参加了。都市剧《小风暴之时间的玫瑰》暂定12月2日开机，主演胡一天、乔欣、钟祺。,8,1,0,11月29日,2306149033,0
4.44E+15,易烊千玺上海迪士尼形象大使 ,4,0,6,11月29日,6767146612,0
4.44E+15,欢娱影视演员白鹿❄️上海迪士尼乐园      Disney2019圣诞奇缘主题拍摄 ,9,1,2,11月29日,1955049503,0
4.44E+15,景点超话上海迪士尼旅游攻略 有想去上海旅行 的可以了解一下。 ,5,0,8,11月29日,5589947068,0
4.44E+15,呕心整理了超全的上海迪士尼攻略！多达29个项目介绍，8场演出介绍，游玩小技巧等。  旅游 ,2,0,3,11月29日,5646593684,0
4.44E+15,【姨太每日吃瓜】1.张若昀的口碑一直都是很好的，而且他也走的很稳，基本上不会搞啥事情，现在正在热播的庆余年也确实是整改了不少，不然都没法播出，之所以上的悄无声息也是怕有人故意找茬，不过好的作品大家也是能看出来，目前这部剧各方面表现的都不错，制作精良，众多老戏骨压阵，只要没啥大事故，这部剧最后口碑收视应该能双丰收。2.易烊千玺会成为上海迪士尼形象大使。3.张雪迎每次被网友骂都会把气撒在工作人员的身上，她的团队离职率在圈内是数一数二的。4.杨幂最近在拍摄一封杂志时，不愿意按摄影师的要求把头发全扎起来，在拍摄过程中也不听摄影师的安排，她知道自己脸崩得厉害，一直在用各种姿势挡自己脸上的硬伤，最后成片和杂志主题完全不相符，杂志方都快愁死了。5.刘亦菲挺瞧不上杨采钰的，不爱跟杨采钰计较太多，可刘亦菲越是不在意，杨采钰就越是生气，她一度觉得刘亦菲没有把她放在眼里。6.W小生今年也是超级火，俘获了很多女粉丝，这部剧在国外播出的时候收视剧也还蛮不错，人气上来了自然受到很多人的关注，一帮无良媒体全程24小时进行跟踪，而且还偷拍了不少照片。记得有一次小生在外面吃饭，中间想上卫生间，无聊的狗仔开始跟踪，偷偷拍摄小生上厕所，结果被小生助理发现，把狗仔的照相机照片进行销毁，但狗仔执迷不悟一直偷拍，这个事情给小生带来很大影响，总觉得背后有人偷拍，有人建议他去看看心理医生。,184,220,65,11月29日,5751949769,0
4.44E+15,小时候总盼着长大，成长似乎转眼间的事从小到大 ,144,16,3,11月29日,5642476950,0
4.44E+15, 与众不同的旅行方式 ✈️@Voluntour国际义工旅行 @Gapper国际义工旅行 @青旅打工换宿 说到旅行，可能很多朋友会选择自由行，可能一个人，可能拉着朋友一起，但这个要求对方时间和你完全一致，可能就不是那么容易了。但一个人出去玩又怕遇到危险不安全什么的，义工旅行✈️就是你最好的方式，以打工换宿的形式，又能交到很多志同道合的朋友，从青涩的陌生人到相互倚赖的伙伴，快乐的时光虽如白驹过隙，面对离别总是不舍，但这份经历总归是值得票价的，我们所认识过的彼此，是不虚此行的。,0,0,0,11月29日,6458191524,0
4.44E+15,去一天迪士尼要休息一个礼拜！连着去两天迪士尼生病半个月！人生好艰难！羊肉面好吃！汤全喝光！！鲜！！迪士尼里面的面条真是我的心头好！！！为什么那么多！！！因为11月有点悲催！希望接下来的生日月对我好点！！！ 上海·上海迪士尼乐园 ,0,0,0,11月29日,5904686276,1
4.44E+15,上海迪士尼乐园迪士尼圣诞 橙囡第一次感受冰雪圣诞🎄 上海·上海迪士尼乐园 ,1,4,1,11月29日,2177377032,1
4.44E+15,早享卡真棒👏🏻七点半入园所有热门的全部玩完错开高峰吃个早午餐接下来佛系玩耍 上海·上海迪士尼乐园 ,0,3,0,11月29日,1822215252,1
4.44E+15,上海迪士尼disneyland 然后呢  一起走吧 ,18,1,0,11月29日,2258478531,1
4.44E+15,四刷迪士尼早享卡 起太早 👀眼睛睁不开系列 上海·上海迪士尼乐园 ,0,0,0,11月29日,1822215252,1
4.44E+15,小镇今年的圣诞树很用心啊~~ 上海迪士尼 ,21,6,2,11月28日,1698871832,1
4.44E+15,【上海迪士尼旅行攻略】写了三天，几乎把自己前期查到的，和经历的都记录下来啦～❤️️ 如何在没有尊享卡，还只领到一张FP的情况下，几乎玩遍大项目做好计划➕早到➕跑得快  绝对干货 via.YIberDme ,6,0,3,11月29日,1317374141,1
4.44E+15,想吃！！！,182,56,130,11月28日,5811341303,1
4.44E+15,朋友 世界不止眼前的苟且 还有诗和远方上海不关门不严打不穿工作服不办ic卡，没有入职费，不收管理费，提供住宿上海夜场中介机构，骗子坑人的太多了，做夜场得选对人，上海北京成都南昌四川南京武汉重庆温州杭州台州深圳广州浙江江苏澳门三亚海南海口夜场夜总会北京夜场上海夜场上海苏州夜场 杭州夜场广州夜场深圳夜场重庆夜场成都夜场夜场夜总会上海美食澳门夜总会夜场ktv上海迪士尼 ,22,10,2,11月29日,6869391195,1
4.44E+15,准备开始新的征程 ,3,0,0,11月28日,1971092970,0
4.44E+15,为了不让小K哥哥在凳子上玩，于是……爸爸：你看你小时候从凳子上摔下来，这儿（指着太阳穴部位）都磕的少了一块儿。小K，若有所思说：你逗我玩呢！爸爸一时语噎，无言以对…… ,0,0,0,11月28日,3479340215,1
4.44E+15,我的童话梦和他呀！ 上海 ,1,1,0,11月28日,3044284882,1
4.44E+15,达菲暖暖家居系列❤️实名打call❤抱枕和毛毯触感太太太好了啊❗软糯爽滑（）冬天幸福感up up❗迪士尼大大@上海迪士尼度假区 继续努力开发阔爱的周边来抢💰吧 ,0,0,0,11月28日,1812737632,0
4.44E+15,上海迪士尼乐园里上新的冰雪奇缘主题美食，舒芙蕾[冰雪奇缘艾莎]松饼[冰雪奇缘安娜]蛋糕[冰雪奇缘雪宝]爆米花，好看又好吃;) 上海·上海迪士尼乐园 ,71,13,170,11月28日,1798649605,0
4.44E+15,集齐四只召唤神龙上海迪士尼带着微博去旅行陪女朋友去迪士尼的男孩 苏州 ,0,1,0,11月28日,5112060351,1
4.44E+15,不是圣诞节但是却超有氛围昨天有雨，但是还是人工下雪了，开始时间晚8点左右，10分钟左右一场有两场，落到地上是泡沫没有积雪，到处都是冰雪奇缘的仿真冰雕观感十分好，首页各位有需要去的抓紧啦！上海迪士尼迪士尼 -沸废泉-的微博视频 ,13,4,0,11月28日,2238657905,1
4.44E+15,上海迪士尼♟终于来打卡啦！虽然我想要的包包和杯子都没有！但是我吃到了无比好吃的玉米🌽等下去买草莓熊披风！冲！ ,21,21,0,11月28日,5678889725,1
4.44E+15,来过，便不曾离开…… 嘉兴·乌镇 ,1,0,0,11月28日,5486415073,0
4.44E+15,上海迪士尼下雪啦啦啦～越来越冷咯。 上海·上海迪士尼度假区 ,0,0,0,11月28日,2134530564,0
4.44E+15,想要带给你安全感，也要给你未泯的童心。摄影：@不二哥_June 上海迪士尼约拍 ,49,10,18,11月28日,2494539884,0
4.44E+15,上海迪士尼度假区最全攻略来了 ，香港到上海只要8小时，分必玩篇，美食篇，门票篇，去之前记得先看下攻略，更省时省力，希望能帮到你们！ ,1,7,6,11月28日,5030334303,0
4.44E+15,上海迪士尼D粉盛会 邀请了百老汇 音乐剧美女与野兽 中“加斯顿 ”的扮演者@刘阳大猫 现场演唱插曲《我》（《Me》）上海迪士尼超话迪士尼上海迪士尼乐园年卡beauty and the beast上海迪士尼乐园上海迪士尼攻略 上海迪士尼女孩的微博视频 ,4,0,4,11月28日,2601899841,0
4.44E+15,【下雪的迪士尼真的太🉑️了叭‼️上迪正式迈入圣诞季🎄！！】元旦前每天都有人工降雪！20米高的圣诞树每天17:30准时亮灯！✨晚上还有圣诞烟火巡礼可以看！🙈今年也浪漫鲨我啊啊啊！💕上海玩乐潮资讯 上海迪士尼 via：上海小资美食 ,39,27,16,11月27日,2846632611,1
4.44E+15,每个女孩纸👧一辈子都应该去一次吧上海迪士尼 上海 ,5,1,1,11月28日,5255602609,1
4.44E+15,发一组旧照～ ,3,4,0,11月28日,1910206033,1
4.44E+15,易烊千玺 上海迪士尼形象大使 ,9,9,4,11月28日,6092155691,0
4.44E+15,EASY NEWS 今年圣诞，上海ifc商场与迪士尼再度携手以全国熱映的《冰雪奇缘2》电影为灵感，共同打造“乐享《冰雪奇缘2》圣诞之旅”大型推广活动，艾莎、安娜、克斯托夫、驯鹿斯特与雪宝均将首次以 《冰雪奇缘2》影片中的全新造型炫丽登场，势必掀起全程热潮。 ,8,0,0,11月28日,1764457643,0
4.44E+15,香港迪士尼 东京迪士尼都去过了还是觉得上海迪士尼的项目最好玩 可能最晚建的关系 ~洋洋洒洒写了一大堆适合迪士尼亲子游的攻略希望对你们有用鸭~香港迪士尼取消跨年派对 ,160,11,12,11月27日,1774638992,1
4.44E+15,总之文案什么的都很苍白，一定要亲自去感受一次那里的快乐💖   上海·上海迪士尼乐园 ,8,2,2,11月28日,2957823845,1
4.44E+15,上海三日游，迪士尼真的太美了，满足了我所有少女心上海迪士尼超话上海东方明珠塔 ,3,3,2,11月28日,5605507128,1
4.44E+15,旅游攻略 【上海迪士尼旅行攻略】来自于@聂荣庆毛儿 分享的上海迪士尼游玩攻略，马上圣诞节即将到来有想要去上海旅行 去迪士尼乐园感受梦幻童话的可以参考一下。 ,11,0,4,11月28日,3224109840,1
4.44E+15,配音演员赵路[超话]今天在上海迪士尼米奇大道上发现了冰雪奇缘主题活动冰雪盛典[冰雪奇缘艾莎][冰雪奇缘安娜][冰雪奇缘雪宝]一直是雪宝在讲话，听到路哥声音的我一个箭步从周边店里冲出来[doge][doge][doge]还会飘雪发发❄️ ❄️ ❄️ @赵路吧官博 还唱歌了！虽然只有一句[跪了][跪了][跪了] ,52,16,7,11月27日,1705461565,1
4.44E+15,继打卡了香港 东京 加州 上海之后的第五座迪士尼🏰人生愿望清单里打卡全世界迪士尼的列表上只剩下巴黎迪士尼啦[冰雪奇缘雪宝] 美国·奥兰多迪斯尼乐园（Walt Disney World Resort ） ,80,4,0,11月26日,1769932393,1
4.44E+15,香港迪士尼取消跨年派对欢迎香港同胞们到上海迪士尼游玩，感受一下内地的安稳和谐繁荣。上海迪士尼 南京 ,50,9,1,11月27日,2311671004,1
4.44E+15,香港迪士尼取消跨年派对 有机会，一定要陪跟爱的人一起来上海迪士尼，看一次烟花最好看的烟花秀，超美！  笑到拔胸毛的微博视频 ,6,0,2,11月28日,6128920002,1
4.44E+15,好想在冬天的时候 在去一次上海迪士尼 ,21,4,0,11月28日,5416806444,1
