description,follow_count,followers_count,gender,profile_url,screen_name,user_id,verified,verified_reason
分享一切有关上海的吃喝玩乐攻略！我是攻略君。😊 我爱上海~~~✌️,73,1340988,f,https://m.weibo.cn/u/6118811663?uid=6118811663&luicode=10000011&lfid=100103type%3D1%26q%3D%E4%B8%8A%E6%B5%B7%E8%BF%AA%E5%A3%AB%E5%B0%BC,上海攻略君,6118811663,True,本地资讯博主（上海） 城市生活家 微博故事原创作者
商务合作： 廖先生 QQ ：3196598336 邮箱：kailiao@caijing.com.cn,955,35303840,m,https://m.weibo.cn/u/1642088277?uid=1642088277&luicode=10000011&lfid=100103type%3D1%26q%3D%E4%B8%8A%E6%B5%B7%E8%BF%AA%E5%A3%AB%E5%B0%BC,财经网,1642088277,True,财经网官方微博
律动popping，从此刻动起来~,39,182145,m,https://m.weibo.cn/u/6042105371?uid=6042105371&luicode=10000011&lfid=100103type%3D1%26q%3D%E4%B8%8A%E6%B5%B7%E8%BF%AA%E5%A3%AB%E5%B0%BC,律动popping,6042105371,True,微博舞蹈视频自媒体
,2176,128063,m,https://m.weibo.cn/u/2100708653?uid=2100708653&luicode=10000011&lfid=100103type%3D1%26q%3D%E4%B8%8A%E6%B5%B7%E8%BF%AA%E5%A3%AB%E5%B0%BC,河南好网民,2100708653,True,知名情感博主
和平使者🐷,308,205,f,https://m.weibo.cn/u/3891544070?uid=3891544070&luicode=10000011&lfid=100103type%3D1%26q%3D%E4%B8%8A%E6%B5%B7%E8%BF%AA%E5%A3%AB%E5%B0%BC,G得来滚玲蛋蛋,3891544070,False,
简介： 分享美食，旅游，上海生活，上海新闻，上海身边事,341,6175980,f,https://m.weibo.cn/u/1792829601?uid=1792829601&luicode=10000011&lfid=100103type%3D1%26q%3D%E4%B8%8A%E6%B5%B7%E8%BF%AA%E5%A3%AB%E5%B0%BC,上海身边的那些事儿,1792829601,True,本地资讯博主（上海）
"著名电子商务专家;品牌运营专家;潇彧咨询创始人;望谟爱心之旅发起人。品味咖啡与茶;痴迷电商嗜好美食;以烘焙文字为乐,品牌策划为生。+ wx: clibaba",543,456555,m,https://m.weibo.cn/u/1420657134?uid=1420657134&luicode=10000011&lfid=100103type%3D1%26q%3D%E4%B8%8A%E6%B5%B7%E8%BF%AA%E5%A3%AB%E5%B0%BC,潇彧,1420657134,True,电子商务专家、品牌运营专家、微博扶贫乡村振兴助威团成员 头条文章作者
做一个耐撕的人！,2222,56811,m,https://m.weibo.cn/u/1732499253?uid=1732499253&luicode=10000011&lfid=100103type%3D1%26q%3D%E4%B8%8A%E6%B5%B7%E8%BF%AA%E5%A3%AB%E5%B0%BC,2019年的常杀人,1732499253,False,
,90,38,f,https://m.weibo.cn/u/2060672713?uid=2060672713&luicode=10000011&lfid=100103type%3D1%26q%3D%E4%B8%8A%E6%B5%B7%E8%BF%AA%E5%A3%AB%E5%B0%BC,winny184,2060672713,False,
上海吃喝玩乐风向标！让小浪带你玩遍大上海！http://sh.travel.sina.com.cn/,698,1578044,f,https://m.weibo.cn/u/2846632611?uid=2846632611&luicode=10000011&lfid=100103type%3D1%26q%3D%E4%B8%8A%E6%B5%B7%E8%BF%AA%E5%A3%AB%E5%B0%BC,玩乐上海,2846632611,True,新浪上海旅游频道官方微博
热门表情包分享₍₍ ง⍢⃝ว ⁾⁾,83,3895,f,https://m.weibo.cn/u/7299466812?uid=7299466812&luicode=10000011&lfid=100103type%3D1%26q%3D%E4%B8%8A%E6%B5%B7%E8%BF%AA%E5%A3%AB%E5%B0%BC,表情安利君bot,7299466812,False,
没有人比你自己更了解自己。,1038,309383,m,https://m.weibo.cn/u/2639278851?uid=2639278851&luicode=10000011&lfid=100103type%3D1%26q%3D%E4%B8%8A%E6%B5%B7%E8%BF%AA%E5%A3%AB%E5%B0%BC,悄悄围观,2639278851,True,知名互联网资讯博主
让故事越简短 让甜度越高 让我离你更近,232,219274,m,https://m.weibo.cn/u/3822710584?uid=3822710584&luicode=10000011&lfid=100103type%3D1%26q%3D%E4%B8%8A%E6%B5%B7%E8%BF%AA%E5%A3%AB%E5%B0%BC,全是狗粮呀,3822710584,False,
网罗政法资讯 关注法治民生,280,40988,f,https://m.weibo.cn/u/1988563285?uid=1988563285&luicode=10000011&lfid=100103type%3D1%26q%3D%E4%B8%8A%E6%B5%B7%E8%BF%AA%E5%A3%AB%E5%B0%BC,上海长安网,1988563285,True,中共上海市委政法委员会官方微博
预约V❤：467166，泰国普吉岛成人秀、王权免税店、新罗免税店免费接送+免费自助餐+优惠券。全岛接送，中文全程服务。,1431,134048,f,https://m.weibo.cn/u/3798850551?uid=3798850551&luicode=10000011&lfid=100103type%3D1%26q%3D%E4%B8%8A%E6%B5%B7%E8%BF%AA%E5%A3%AB%E5%B0%BC,普吉岛王权新罗接送,3798850551,True,知名旅游博主 普吉岛超话主持人 旅行视频自媒体
我们是新民晚报也是新民网 好玩实用 关注了你就知道 上海新闻爆料请发私信或打15900430043。新民晚报24小时读者热线962555,595,3737879,f,https://m.weibo.cn/u/1737737970?uid=1737737970&luicode=10000011&lfid=100103type%3D1%26q%3D%E4%B8%8A%E6%B5%B7%E8%BF%AA%E5%A3%AB%E5%B0%BC,新民晚报新民网,1737737970,True,新民晚报新民网官方微博
商务合作 VX：zj321ggggg,1147,1333476,m,https://m.weibo.cn/u/2661992301?uid=2661992301&luicode=10000011&lfid=100103type%3D1%26q%3D%E4%B8%8A%E6%B5%B7%E8%BF%AA%E5%A3%AB%E5%B0%BC,买家张俊,2661992301,True,知名互联网资讯博主 头条文章作者 微博签约自媒体
执新浪之笔，讲山东故事,631,1684012,m,https://m.weibo.cn/u/1870549587?uid=1870549587&luicode=10000011&lfid=100103type%3D1%26q%3D%E4%B8%8A%E6%B5%B7%E8%BF%AA%E5%A3%AB%E5%B0%BC,新浪山东头条,1870549587,True,新浪山东头条官方微博
与你分享重庆最热门，最时尚，最IN 的餐厅，酒吧，咖啡馆，购物和生活文化资讯与吃喝玩乐信息！QQ:2793277644 电话：18723385515,3161,1092262,f,https://m.weibo.cn/u/2191319813?uid=2191319813&luicode=10000011&lfid=100103type%3D1%26q%3D%E4%B8%8A%E6%B5%B7%E8%BF%AA%E5%A3%AB%E5%B0%BC,重庆吃喝玩乐精选,2191319813,True,本地资讯博主（重庆）
成都文明网官方微博 成都好人线索爆料邮箱：361833431@qq.com。,544,501077,f,https://m.weibo.cn/u/2139684615?uid=2139684615&luicode=10000011&lfid=100103type%3D1%26q%3D%E4%B8%8A%E6%B5%B7%E8%BF%AA%E5%A3%AB%E5%B0%BC,文明成都,2139684615,True,成都市精神文明建设办公室官方微博
亲善产生幸福，文明带来和谐。,504,549846,m,https://m.weibo.cn/u/1002023885?uid=1002023885&luicode=10000011&lfid=100103type%3D1%26q%3D%E4%B8%8A%E6%B5%B7%E8%BF%AA%E5%A3%AB%E5%B0%BC,搞笑大当家,1002023885,True,知名搞笑幽默博主 搞笑视频自媒体
"提供财经资讯、商业故事、各界观点，关注制度建设。微信搜索&lt;21世纪经济报道&gt;或加&lt;jjbd21&gt;,更多精彩内容等着你。",734,17137497,m,https://m.weibo.cn/u/1651428902?uid=1651428902&luicode=10000011&lfid=100103type%3D1%26q%3D%E4%B8%8A%E6%B5%B7%E8%BF%AA%E5%A3%AB%E5%B0%BC,21世纪经济报道,1651428902,True,21世纪经济报道官方微博
“公开信息，服务民生，沟通交流，凝聚民心”，“上海宝山发布”是上海市宝山区人民政府官方微博，欢迎关注、围观。联系：shbsfb@163.com或私信。,1602,569382,m,https://m.weibo.cn/u/2719969734?uid=2719969734&luicode=10000011&lfid=100103type%3D1%26q%3D%E4%B8%8A%E6%B5%B7%E8%BF%AA%E5%A3%AB%E5%B0%BC,上海宝山发布,2719969734,True,上海市宝山区人民政府官方微博
一个有趣的人，分享一些有趣的事。嫉恶如仇，从善如流！,1349,267446,m,https://m.weibo.cn/u/1901692317?uid=1901692317&luicode=10000011&lfid=100103type%3D1%26q%3D%E4%B8%8A%E6%B5%B7%E8%BF%AA%E5%A3%AB%E5%B0%BC,风青杨V,1901692317,True,知名时事评论家、品牌营销学者、武汉汇赢天下CEO 微博签约自媒体
已经沦陷为追星号，如有打扰请屏蔽。,3381,2426,f,https://m.weibo.cn/u/1795678772?uid=1795678772&luicode=10000011&lfid=100103type%3D1%26q%3D%E4%B8%8A%E6%B5%B7%E8%BF%AA%E5%A3%AB%E5%B0%BC,Team_K_丁小莹V,1795678772,True,蔡徐坤超话粉丝大咖
唯爱坤坤,98,26859,f,https://m.weibo.cn/u/3716462903?uid=3716462903&luicode=10000011&lfid=100103type%3D1%26q%3D%E4%B8%8A%E6%B5%B7%E8%BF%AA%E5%A3%AB%E5%B0%BC,CherryBlossom_Kun,3716462903,True,知名娱乐博主
我天生可爱，古灵精怪，脾气坏坏，仙女下凡来这个时代 迪士尼佛系年卡玩家凤小玖…😋 偏爱玫玫小可爱 ⚠️请不要拍打迪士尼朋友的头哦,314,794,f,https://m.weibo.cn/u/2133201050?uid=2133201050&luicode=10000011&lfid=100103type%3D1%26q%3D%E4%B8%8A%E6%B5%B7%E8%BF%AA%E5%A3%AB%E5%B0%BC,张晞雅Cecilia,2133201050,False,
有你有真相，东广新闻台。2015年2月2日，曾经的国内第一家类型化纯新闻电台——东广新闻台轻快转身，打造互联网新闻广播，追求与听众网友的深度互动，颠覆新闻的生产方式。同步上线的APP产品”新闻+“为用户提供全新的互动体验，让你看更多。,524,951328,m,https://m.weibo.cn/u/1667942985?uid=1667942985&luicode=10000011&lfid=100103type%3D1%26q%3D%E4%B8%8A%E6%B5%B7%E8%BF%AA%E5%A3%AB%E5%B0%BC,东广新闻台,1667942985,True,东广新闻台 打造互联网新闻广播
治愈不开心,405,334912,f,https://m.weibo.cn/u/2892290240?uid=2892290240&luicode=10000011&lfid=100103type%3D1%26q%3D%E4%B8%8A%E6%B5%B7%E8%BF%AA%E5%A3%AB%E5%B0%BC,不开心治愈所,2892290240,True,知名动漫博主 萌宠视频自媒体
我要释放另一个自己，不管天使还是魔鬼。,538,119713,f,https://m.weibo.cn/u/6761481712?uid=6761481712&luicode=10000011&lfid=100103type%3D1%26q%3D%E4%B8%8A%E6%B5%B7%E8%BF%AA%E5%A3%AB%E5%B0%BC,六宝福地,6761481712,True,知名数码博主 数码视频自媒体
中商联商业研究院专家工作委员会副主任，大中华购物中心联盟副秘书长，国际旅游地产专家评审委员会（IHRE）副主任委员。,991,219601,m,https://m.weibo.cn/u/1337447401?uid=1337447401&luicode=10000011&lfid=100103type%3D1%26q%3D%E4%B8%8A%E6%B5%B7%E8%BF%AA%E5%A3%AB%E5%B0%BC,王建红的微博,1337447401,True,陕西龙化东方总经理，中商联商业研究专家工作委员会副主任
追名逐利恋红尘，慕花贪酒爱美人。,846,9594,f,https://m.weibo.cn/u/3796460881?uid=3796460881&luicode=10000011&lfid=100103type%3D1%26q%3D%E4%B8%8A%E6%B5%B7%E8%BF%AA%E5%A3%AB%E5%B0%BC,许可馨Nova-,3796460881,True,知名摄影博主
穷旅行,80,1204521,f,https://m.weibo.cn/u/3236257390?uid=3236257390&luicode=10000011&lfid=100103type%3D1%26q%3D%E4%B8%8A%E6%B5%B7%E8%BF%AA%E5%A3%AB%E5%B0%BC,我没钱可我想丶旅行,3236257390,False,
怀才不够,416,14553,f,https://m.weibo.cn/u/2788772393?uid=2788772393&luicode=10000011&lfid=100103type%3D1%26q%3D%E4%B8%8A%E6%B5%B7%E8%BF%AA%E5%A3%AB%E5%B0%BC,李芳艺蕾lol,2788772393,True,国家一级体育舞蹈裁判；《最强大脑》100强
V：13088695403  日结 10 12 15 20 承诺不收任何费用,1729,1387,m,https://m.weibo.cn/u/6875233618?uid=6875233618&luicode=10000011&lfid=100103type%3D1%26q%3D%E4%B8%8A%E6%B5%B7%E8%BF%AA%E5%A3%AB%E5%B0%BC,上海夜场领队文轩,6875233618,False,
TRANSFORMERS &amp; STARWARS,253,11052,m,https://m.weibo.cn/u/1163461132?uid=1163461132&luicode=10000011&lfid=100103type%3D1%26q%3D%E4%B8%8A%E6%B5%B7%E8%BF%AA%E5%A3%AB%E5%B0%BC,NOTRAB,1163461132,True,动漫博主
上海✈️纽约🇺🇸  工作私信或联系个人工作室（路州传媒）296237731@qq.com/   luzhoumedia@163.com,257,2779115,f,https://m.weibo.cn/u/2370975472?uid=2370975472&luicode=10000011&lfid=100103type%3D1%26q%3D%E4%B8%8A%E6%B5%B7%E8%BF%AA%E5%A3%AB%E5%B0%BC,LuciaA_Liu,2370975472,True,知名时尚博主 时尚达人 旅行视频自媒体
不告诉你们几个L👌🏻,1111,9258,f,https://m.weibo.cn/u/1786889040?uid=1786889040&luicode=10000011&lfid=100103type%3D1%26q%3D%E4%B8%8A%E6%B5%B7%E8%BF%AA%E5%A3%AB%E5%B0%BC,lllllllllllllll1llllllllllll,1786889040,True,朱一龙超话粉丝大咖
肖战至上，有事私信直接说，会选择性回复。,718,89217,f,https://m.weibo.cn/u/1841418190?uid=1841418190&luicode=10000011&lfid=100103type%3D1%26q%3D%E4%B8%8A%E6%B5%B7%E8%BF%AA%E5%A3%AB%E5%B0%BC,童温婉DAYTOY,1841418190,True,娱乐博主 肖战饭圈达人 新鲜事作者 娱乐综艺视频自媒体
了解互联网行业最新资讯，做互联网商业的洞察者。,2263,478547,m,https://m.weibo.cn/u/1771650130?uid=1771650130&luicode=10000011&lfid=100103type%3D1%26q%3D%E4%B8%8A%E6%B5%B7%E8%BF%AA%E5%A3%AB%E5%B0%BC,电商在线,1771650130,True,电商在线官方微博
言论仅代表个人,174,1215734,m,https://m.weibo.cn/u/2414771413?uid=2414771413&luicode=10000011&lfid=100103type%3D1%26q%3D%E4%B8%8A%E6%B5%B7%E8%BF%AA%E5%A3%AB%E5%B0%BC,北京突发,2414771413,True,本地资讯博主（北京） 资讯视频自媒体
乱说话bot,1270,799,f,https://m.weibo.cn/u/1933228657?uid=1933228657&luicode=10000011&lfid=100103type%3D1%26q%3D%E4%B8%8A%E6%B5%B7%E8%BF%AA%E5%A3%AB%E5%B0%BC,aSquallOnUranus,1933228657,False,
关注我的人后来都发财了，原因是个谜。,66,122805,m,https://m.weibo.cn/u/6551254602?uid=6551254602&luicode=10000011&lfid=100103type%3D1%26q%3D%E4%B8%8A%E6%B5%B7%E8%BF%AA%E5%A3%AB%E5%B0%BC,小姐姐你别笑,6551254602,True,知名搞笑幽默博主 搞笑视频自媒体
普通欧气女子，合作请私信或WX号：z949682114,385,572769,f,https://m.weibo.cn/u/6065273384?uid=6065273384&luicode=10000011&lfid=100103type%3D1%26q%3D%E4%B8%8A%E6%B5%B7%E8%BF%AA%E5%A3%AB%E5%B0%BC,锦鲤少女,6065273384,True,微博牧场计划合作达人 知名时尚博主
您就是一个美丽的存在——林彥俊,941,13693,f,https://m.weibo.cn/u/2651608532?uid=2651608532&luicode=10000011&lfid=100103type%3D1%26q%3D%E4%B8%8A%E6%B5%B7%E8%BF%AA%E5%A3%AB%E5%B0%BC,·824Hz·,2651608532,True,知名音乐博主 娱乐综艺视频自媒体
不追星，爱看各种狗咬狗，肛精拉黑,164,213,f,https://m.weibo.cn/u/5949069866?uid=5949069866&luicode=10000011&lfid=100103type%3D1%26q%3D%E4%B8%8A%E6%B5%B7%E8%BF%AA%E5%A3%AB%E5%B0%BC,鹿何祐,5949069866,False,
江北水城，运河古都！山东聊城欢迎您！,741,173604,f,https://m.weibo.cn/u/5246289170?uid=5246289170&luicode=10000011&lfid=100103type%3D1%26q%3D%E4%B8%8A%E6%B5%B7%E8%BF%AA%E5%A3%AB%E5%B0%BC,发布聊城,5246289170,True,本地资讯博主（聊城） 聊城市网络监督员 聊城发布超话主持人
36氪聚焦科技、互联网、创投、新经济、职场五大领域，提供新锐深度的商业报道。我们强调趋势与价值，我们的slogan是：让一部分人先看到未来。,825,2145040,m,https://m.weibo.cn/u/1750070171?uid=1750070171&luicode=10000011&lfid=100103type%3D1%26q%3D%E4%B8%8A%E6%B5%B7%E8%BF%AA%E5%A3%AB%E5%B0%BC,36氪,1750070171,True,36氪官方微博
不能打败你的 只会让你更强大,501,2376,f,https://m.weibo.cn/u/1784565562?uid=1784565562&luicode=10000011&lfid=100103type%3D1%26q%3D%E4%B8%8A%E6%B5%B7%E8%BF%AA%E5%A3%AB%E5%B0%BC,一只小茄子a,1784565562,True,游戏博主 嗨氏超话粉丝大咖
电影采集者； 商务合作，请添加VX：lirenkj,203,666466,f,https://m.weibo.cn/u/6420901212?uid=6420901212&luicode=10000011&lfid=100103type%3D1%26q%3D%E4%B8%8A%E6%B5%B7%E8%BF%AA%E5%A3%AB%E5%B0%BC,影娘子,6420901212,True,电影视频自媒体
✨ 只因你无可取代 5️⃣ 3️⃣ 1️⃣ ✨,483,111290,f,https://m.weibo.cn/u/6525653427?uid=6525653427&luicode=10000011&lfid=100103type%3D1%26q%3D%E4%B8%8A%E6%B5%B7%E8%BF%AA%E5%A3%AB%E5%B0%BC,伍叁壹星球,6525653427,True,卫星云发射基地超话小主持人
辛苦一年，收益一生。,325,712513,f,https://m.weibo.cn/u/6134214082?uid=6134214082&luicode=10000011&lfid=100103type%3D1%26q%3D%E4%B8%8A%E6%B5%B7%E8%BF%AA%E5%A3%AB%E5%B0%BC,好料三文娱,6134214082,True,综艺博主
❤ 此生只粉李易峰先生♥,267,23767,f,https://m.weibo.cn/u/1347111465?uid=1347111465&luicode=10000011&lfid=100103type%3D1%26q%3D%E4%B8%8A%E6%B5%B7%E8%BF%AA%E5%A3%AB%E5%B0%BC,L李家阿蕾,1347111465,True,综艺博主 李易峰超话粉丝大咖
欢迎关注微信公众号：zg1106698443 前有阻碍，奋力把它冲开，对的，坚持；错的，放弃！一句话，一本书，总有你喜欢的一句。,1069,537110,m,https://m.weibo.cn/u/1749123613?uid=1749123613&luicode=10000011&lfid=100103type%3D1%26q%3D%E4%B8%8A%E6%B5%B7%E8%BF%AA%E5%A3%AB%E5%B0%BC,经典哲理录语,1749123613,True,知名情感博主 互联网资讯博主
你有光明，中国便不再黑暗！,1153,130016,m,https://m.weibo.cn/u/2169306777?uid=2169306777&luicode=10000011&lfid=100103type%3D1%26q%3D%E4%B8%8A%E6%B5%B7%E8%BF%AA%E5%A3%AB%E5%B0%BC,小米大咖,2169306777,True,知名互联网资讯博主 凡人善举超话主持人
知名搞笑幽默博主,95,852959,f,https://m.weibo.cn/u/7135016663?uid=7135016663&luicode=10000011&lfid=100103type%3D1%26q%3D%E4%B8%8A%E6%B5%B7%E8%BF%AA%E5%A3%AB%E5%B0%BC,这个微博全是图,7135016663,True,知名搞笑幽默博主
我是一个老革命，专门革自己的命。,188,109995,m,https://m.weibo.cn/u/5227820733?uid=5227820733&luicode=10000011&lfid=100103type%3D1%26q%3D%E4%B8%8A%E6%B5%B7%E8%BF%AA%E5%A3%AB%E5%B0%BC,古玩哥,5227820733,True,知名搞笑幽默博主 资讯视频自媒体
主流资讯民生解读！提供更快更权威新闻资讯，更丰富更有思想新闻报道，更民生更贴心各种服务。,1689,5542350,m,https://m.weibo.cn/u/1671068657?uid=1671068657&luicode=10000011&lfid=100103type%3D1%26q%3D%E4%B8%8A%E6%B5%B7%E8%BF%AA%E5%A3%AB%E5%B0%BC,东南快报,1671068657,True,福建《东南快报》官方微博
迪迷俱乐部： 关注微信公众平台shdsn2016，了解迪士尼及时资讯。粉丝会微信2651035595/QQ群412041825,138,129168,f,https://m.weibo.cn/u/2394756302?uid=2394756302&luicode=10000011&lfid=100103type%3D1%26q%3D%E4%B8%8A%E6%B5%B7%E8%BF%AA%E5%A3%AB%E5%B0%BC,奇妙迪士尼Disney,2394756302,True,知名动漫博主 电影视频自媒体
长城内外 看长城~！,639,287,m,https://m.weibo.cn/u/1340646470?uid=1340646470&luicode=10000011&lfid=100103type%3D1%26q%3D%E4%B8%8A%E6%B5%B7%E8%BF%AA%E5%A3%AB%E5%B0%BC,呼天八月,1340646470,False,
中国公知足球队组建者，韩二定律发现者,2265,431161,m,https://m.weibo.cn/u/1224921712?uid=1224921712&luicode=10000011&lfid=100103type%3D1%26q%3D%E4%B8%8A%E6%B5%B7%E8%BF%AA%E5%A3%AB%E5%B0%BC,首读在线,1224921712,False,
新媒体合作：QQ2549671421； 曝料热线：021-63529999 ； 客服热线：8008190000、4006200000,1000,36916342,m,https://m.weibo.cn/u/1314608344?uid=1314608344&luicode=10000011&lfid=100103type%3D1%26q%3D%E4%B8%8A%E6%B5%B7%E8%BF%AA%E5%A3%AB%E5%B0%BC,新闻晨报,1314608344,True,《新闻晨报》官方微博
2013、2014福建年度十大影响力政务个人微博,3035,808744,m,https://m.weibo.cn/u/2617786612?uid=2617786612&luicode=10000011&lfid=100103type%3D1%26q%3D%E4%B8%8A%E6%B5%B7%E8%BF%AA%E5%A3%AB%E5%B0%BC,思明博警,2617786612,True,厦门市公安局文联副秘书长
"冷静理智思考,感悟不一样的真实,生命中不可褪色的人! 邮箱yumayin#vip.qq.com",439,1069832,m,https://m.weibo.cn/u/1287472264?uid=1287472264&luicode=10000011&lfid=100103type%3D1%26q%3D%E4%B8%8A%E6%B5%B7%E8%BF%AA%E5%A3%AB%E5%B0%BC,老鬼看盘,1287472264,True,足彩培训师，足彩专家 知名体育博主 微博签约自媒体
大家好，我叫杰拉多尼，我是迪士尼达菲的朋友～我是小画家～ 😋,16,5487,m,https://m.weibo.cn/u/2493871333?uid=2493871333&luicode=10000011&lfid=100103type%3D1%26q%3D%E4%B8%8A%E6%B5%B7%E8%BF%AA%E5%A3%AB%E5%B0%BC,杰拉多尼,2493871333,True,杰拉多尼超话主持人
时事评论员，军事发烧友,1103,741823,f,https://m.weibo.cn/u/2353227834?uid=2353227834&luicode=10000011&lfid=100103type%3D1%26q%3D%E4%B8%8A%E6%B5%B7%E8%BF%AA%E5%A3%AB%E5%B0%BC,为有书香来,2353227834,True,知名互联网资讯博主 头条文章作者
,256,142,m,https://m.weibo.cn/u/1300441632?uid=1300441632&luicode=10000011&lfid=100103type%3D1%26q%3D%E4%B8%8A%E6%B5%B7%E8%BF%AA%E5%A3%AB%E5%B0%BC,巴西巫腰王,1300441632,False,
勇气 权谋 仁慈与爱💕,75,2051,f,https://m.weibo.cn/u/5504767992?uid=5504767992&luicode=10000011&lfid=100103type%3D1%26q%3D%E4%B8%8A%E6%B5%B7%E8%BF%AA%E5%A3%AB%E5%B0%BC,袁无肉,5504767992,True,心理博主 头条文章作者
辫儿哥哥的小迷妹,499,344,f,https://m.weibo.cn/u/6963043129?uid=6963043129&luicode=10000011&lfid=100103type%3D1%26q%3D%E4%B8%8A%E6%B5%B7%E8%BF%AA%E5%A3%AB%E5%B0%BC,磊磊的小仙女YL,6963043129,True,赫山遇见樱诺茶饮  经营者 张云雷超话粉丝大咖
磕的都是罗云熙啊！！,1641,10908,f,https://m.weibo.cn/u/3424093182?uid=3424093182&luicode=10000011&lfid=100103type%3D1%26q%3D%E4%B8%8A%E6%B5%B7%E8%BF%AA%E5%A3%AB%E5%B0%BC,好运来的66家黄喉,3424093182,True,中华传统美德超话小主持人
I share therefore I am,7,760,m,https://m.weibo.cn/u/6622904721?uid=6622904721&luicode=10000011&lfid=100103type%3D1%26q%3D%E4%B8%8A%E6%B5%B7%E8%BF%AA%E5%A3%AB%E5%B0%BC,影娱盘点19,6622904721,False,
旅游攥搞人:欢迎各界旅游人士来投稿分享旅游攻略，所有均来自粉丝投稿和网络，如果冒犯请私信联系我删除,388,695459,f,https://m.weibo.cn/u/6520058970?uid=6520058970&luicode=10000011&lfid=100103type%3D1%26q%3D%E4%B8%8A%E6%B5%B7%E8%BF%AA%E5%A3%AB%E5%B0%BC,约你旅行,6520058970,True,旅游博主
数码博主,1043,19401,m,https://m.weibo.cn/u/2264817675?uid=2264817675&luicode=10000011&lfid=100103type%3D1%26q%3D%E4%B8%8A%E6%B5%B7%E8%BF%AA%E5%A3%AB%E5%B0%BC,以诚科技,2264817675,True,数码博主 微博牧场计划合作达人 微博vlog博主
个人博 安利向 分享喜欢 (⑅˃◡˂⑅),311,101675,m,https://m.weibo.cn/u/3717773625?uid=3717773625&luicode=10000011&lfid=100103type%3D1%26q%3D%E4%B8%8A%E6%B5%B7%E8%BF%AA%E5%A3%AB%E5%B0%BC,Ins-guys-here,3717773625,False,
普通人的乐作人生！❤WM❤,571,90374,f,https://m.weibo.cn/u/1794145152?uid=1794145152&luicode=10000011&lfid=100103type%3D1%26q%3D%E4%B8%8A%E6%B5%B7%E8%BF%AA%E5%A3%AB%E5%B0%BC,钟静茵-钟家小妹,1794145152,True,旅游博主
我形容你是这个世界上无与伦比的美丽,87,240,f,https://m.weibo.cn/u/6467896026?uid=6467896026&luicode=10000011&lfid=100103type%3D1%26q%3D%E4%B8%8A%E6%B5%B7%E8%BF%AA%E5%A3%AB%E5%B0%BC,无痛牙流,6467896026,False,
微博2017十大影响力音乐机构,462,1043388,m,https://m.weibo.cn/u/5776930791?uid=5776930791&luicode=10000011&lfid=100103type%3D1%26q%3D%E4%B8%8A%E6%B5%B7%E8%BF%AA%E5%A3%AB%E5%B0%BC,世界音乐微博,5776930791,True,知名音乐博主 音乐视频自媒体
全国最顶级Thai传统暹罗猫舍，WCF/TICA/FIFE注册 ，没有之一。 猫舍vx：HanThaiCattery,470,15344,m,https://m.weibo.cn/u/5876857338?uid=5876857338&luicode=10000011&lfid=100103type%3D1%26q%3D%E4%B8%8A%E6%B5%B7%E8%BF%AA%E5%A3%AB%E5%B0%BC,开暹罗猫舍的老寒头,5876857338,True,知名萌宠博主 家有暹罗猫超话主持人 微博故事原创作者 萌宠视频自媒体
电影精彩剪辑大集合,99,323153,f,https://m.weibo.cn/u/6814950587?uid=6814950587&luicode=10000011&lfid=100103type%3D1%26q%3D%E4%B8%8A%E6%B5%B7%E8%BF%AA%E5%A3%AB%E5%B0%BC,横频酱,6814950587,True,知名电影博主 电影视频自媒体
浮梦若薇控,357,145,f,https://m.weibo.cn/u/5533463376?uid=5533463376&luicode=10000011&lfid=100103type%3D1%26q%3D%E4%B8%8A%E6%B5%B7%E8%BF%AA%E5%A3%AB%E5%B0%BC,第五送袜子,5533463376,False,
社会企业家导师，引领社会企业家造福世界！,2300,4835401,m,https://m.weibo.cn/u/1284032347?uid=1284032347&luicode=10000011&lfid=100103type%3D1%26q%3D%E4%B8%8A%E6%B5%B7%E8%BF%AA%E5%A3%AB%E5%B0%BC,姜岚昕,1284032347,True,世华集团创始人、董事长；华夏管理学院校长
🌺 🌺,64,1022391,m,https://m.weibo.cn/u/3912817023?uid=3912817023&luicode=10000011&lfid=100103type%3D1%26q%3D%E4%B8%8A%E6%B5%B7%E8%BF%AA%E5%A3%AB%E5%B0%BC,每日甜腻,3912817023,True,知名情感博主
情感的文字，总有一句会打动你！（合作/投稿请私信）（广告仅为和广告商的正常推广合作，其余内容与本博主无关。大家要保持沉着冷静，谨防上当受骗！,577,76663,m,https://m.weibo.cn/u/3291407752?uid=3291407752&luicode=10000011&lfid=100103type%3D1%26q%3D%E4%B8%8A%E6%B5%B7%E8%BF%AA%E5%A3%AB%E5%B0%BC,情感文字匠,3291407752,True,情感博主 搞笑视频自媒体
没有什么不可以,2333,135035,f,https://m.weibo.cn/u/1658767912?uid=1658767912&luicode=10000011&lfid=100103type%3D1%26q%3D%E4%B8%8A%E6%B5%B7%E8%BF%AA%E5%A3%AB%E5%B0%BC,深夜最讨厌,1658767912,True,俾斯麦上海酒业有限公司 客户经理 谢忠新
"【100%好评】专业旅游美食分享平台，周游全球从美食开始，带你穿越全球各地,欣赏全球美景，玩遍全球旅游胜地，欢迎关注私信合作。",115,7415124,f,https://m.weibo.cn/u/3837482128?uid=3837482128&luicode=10000011&lfid=100103type%3D1%26q%3D%E4%B8%8A%E6%B5%B7%E8%BF%AA%E5%A3%AB%E5%B0%BC,请叫我旅游君,3837482128,True,旅游博主
kkw,251,1046,f,https://m.weibo.cn/u/2607834684?uid=2607834684&luicode=10000011&lfid=100103type%3D1%26q%3D%E4%B8%8A%E6%B5%B7%E8%BF%AA%E5%A3%AB%E5%B0%BC,王凯kkw后宫,2607834684,False,
因为一个人 爱上一座城,477,125,f,https://m.weibo.cn/u/6445928248?uid=6445928248&luicode=10000011&lfid=100103type%3D1%26q%3D%E4%B8%8A%E6%B5%B7%E8%BF%AA%E5%A3%AB%E5%B0%BC,小牛or小丸子,6445928248,False,
微博浪选之子,95,1074083,f,https://m.weibo.cn/u/6991113994?uid=6991113994&luicode=10000011&lfid=100103type%3D1%26q%3D%E4%B8%8A%E6%B5%B7%E8%BF%AA%E5%A3%AB%E5%B0%BC,浪选之子,6991113994,True,新鲜事作者 浪选超话主持人 娱乐博主
用爱生活，你会使自己幸福！防辐射眼镜有用吗用爱工作，你会使很多人幸福！,126,116164,f,https://m.weibo.cn/u/6188937729?uid=6188937729&luicode=10000011&lfid=100103type%3D1%26q%3D%E4%B8%8A%E6%B5%B7%E8%BF%AA%E5%A3%AB%E5%B0%BC,斯文-B类,6188937729,True,体育博主
王凯kkw的影迷、歌迷朋友——颜筱汐♡,206,927,f,https://m.weibo.cn/u/5139654188?uid=5139654188&luicode=10000011&lfid=100103type%3D1%26q%3D%E4%B8%8A%E6%B5%B7%E8%BF%AA%E5%A3%AB%E5%B0%BC,kkw的颜筱汐,5139654188,True,王凯超话粉丝大咖
今天，你逮住爱豆了吗?,161,33376,f,https://m.weibo.cn/u/7012740521?uid=7012740521&luicode=10000011&lfid=100103type%3D1%26q%3D%E4%B8%8A%E6%B5%B7%E8%BF%AA%E5%A3%AB%E5%B0%BC,爱豆被我逮到了,7012740521,True,音乐视频自媒体
十步杀一人，千里不留行！,402,16867,m,https://m.weibo.cn/u/5277483258?uid=5277483258&luicode=10000011&lfid=100103type%3D1%26q%3D%E4%B8%8A%E6%B5%B7%E8%BF%AA%E5%A3%AB%E5%B0%BC,瀚海恒沙,5277483258,True,头条文章作者
全网第一吹彩虹屁博主！ 才华和沙雕并存,943,2422,f,https://m.weibo.cn/u/6651853297?uid=6651853297&luicode=10000011&lfid=100103type%3D1%26q%3D%E4%B8%8A%E6%B5%B7%E8%BF%AA%E5%A3%AB%E5%B0%BC,夸夸博主,6651853297,False,
人生，总有下一站。,485,139987,f,https://m.weibo.cn/u/1865739281?uid=1865739281&luicode=10000011&lfid=100103type%3D1%26q%3D%E4%B8%8A%E6%B5%B7%E8%BF%AA%E5%A3%AB%E5%B0%BC,pinky莎莎,1865739281,True,陕西电视台《都市快报》记者王莎莎 去哪儿聪明旅行家 时尚博主
日常废话博,228,22,m,https://m.weibo.cn/u/1868333002?uid=1868333002&luicode=10000011&lfid=100103type%3D1%26q%3D%E4%B8%8A%E6%B5%B7%E8%BF%AA%E5%A3%AB%E5%B0%BC,_无故之秋_,1868333002,False,
摩羯月光👸🏻 小公主就是我,609,26342,f,https://m.weibo.cn/u/1785255621?uid=1785255621&luicode=10000011&lfid=100103type%3D1%26q%3D%E4%B8%8A%E6%B5%B7%E8%BF%AA%E5%A3%AB%E5%B0%BC,李汶翰家的柯基,1785255621,True,李汶翰超话粉丝大咖
狮子座♌️,429,424,f,https://m.weibo.cn/u/3032634214?uid=3032634214&luicode=10000011&lfid=100103type%3D1%26q%3D%E4%B8%8A%E6%B5%B7%E8%BF%AA%E5%A3%AB%E5%B0%BC,喜欢骑行公西驰逸,3032634214,True,王凯超话粉丝大咖
拽,206,209,f,https://m.weibo.cn/u/5797819097?uid=5797819097&luicode=10000011&lfid=100103type%3D1%26q%3D%E4%B8%8A%E6%B5%B7%E8%BF%AA%E5%A3%AB%E5%B0%BC,拽尕子就是拽,5797819097,True,王凯超话粉丝大咖
再遇见一次自己好吗,871,164,f,https://m.weibo.cn/u/5251997954?uid=5251997954&luicode=10000011&lfid=100103type%3D1%26q%3D%E4%B8%8A%E6%B5%B7%E8%BF%AA%E5%A3%AB%E5%B0%BC,艾瑞莉娅请求对线QAQ,5251997954,False,
自我认证：帅哥一个！,1986,383424,m,https://m.weibo.cn/u/1978895060?uid=1978895060&luicode=10000011&lfid=100103type%3D1%26q%3D%E4%B8%8A%E6%B5%B7%E8%BF%AA%E5%A3%AB%E5%B0%BC,China_竹叶青,1978895060,True,知名互联网资讯博主
【@上海吃喝玩乐fun】每日放送魔都好吃好玩， 爆料在上海的 Everything ...♥ 美食、娱乐、吃喝玩乐资讯！合作：QQ2190965568,3494,1119646,f,https://m.weibo.cn/u/2542145332?uid=2542145332&luicode=10000011&lfid=100103type%3D1%26q%3D%E4%B8%8A%E6%B5%B7%E8%BF%AA%E5%A3%AB%E5%B0%BC,上海吃喝玩乐fun,2542145332,True,本地资讯博主（上海）
做自己,297,176,f,https://m.weibo.cn/u/3083599652?uid=3083599652&luicode=10000011&lfid=100103type%3D1%26q%3D%E4%B8%8A%E6%B5%B7%E8%BF%AA%E5%A3%AB%E5%B0%BC,-没有我-,3083599652,False,
,488,15879,f,https://m.weibo.cn/u/1641273463?uid=1641273463&luicode=10000011&lfid=100103type%3D1%26q%3D%E4%B8%8A%E6%B5%B7%E8%BF%AA%E5%A3%AB%E5%B0%BC,无聊的番薯,1641273463,True,娱乐综艺视频自媒体
笑声爽朗治病  wjy,271,1082,f,https://m.weibo.cn/u/5018546569?uid=5018546569&luicode=10000011&lfid=100103type%3D1%26q%3D%E4%B8%8A%E6%B5%B7%E8%BF%AA%E5%A3%AB%E5%B0%BC,_WANGJY_,5018546569,False,
一个不会自动哦豁的男人,250,1246712,m,https://m.weibo.cn/u/5516030215?uid=5516030215&luicode=10000011&lfid=100103type%3D1%26q%3D%E4%B8%8A%E6%B5%B7%E8%BF%AA%E5%A3%AB%E5%B0%BC,搞笑南叔,5516030215,True,知名搞笑幽默博主 搞笑视频自媒体
我喜欢的，你会喜欢吗😘,634,139,f,https://m.weibo.cn/u/6473005181?uid=6473005181&luicode=10000011&lfid=100103type%3D1%26q%3D%E4%B8%8A%E6%B5%B7%E8%BF%AA%E5%A3%AB%E5%B0%BC,曼曦xi,6473005181,False,
Fearless at any age.,535,404,f,https://m.weibo.cn/u/2984322974?uid=2984322974&luicode=10000011&lfid=100103type%3D1%26q%3D%E4%B8%8A%E6%B5%B7%E8%BF%AA%E5%A3%AB%E5%B0%BC,不努力没得果子吃,2984322974,False,
一个纯因为热爱的业余美食博主❤️,215,383,f,https://m.weibo.cn/u/5969616935?uid=5969616935&luicode=10000011&lfid=100103type%3D1%26q%3D%E4%B8%8A%E6%B5%B7%E8%BF%AA%E5%A3%AB%E5%B0%BC,小岛姑娘l,5969616935,False,
正经正直正义的化身，语言上的巨人，行动中的矮人。💋👙👠👒💍👅,402,1195235,f,https://m.weibo.cn/u/2111145965?uid=2111145965&luicode=10000011&lfid=100103type%3D1%26q%3D%E4%B8%8A%E6%B5%B7%E8%BF%AA%E5%A3%AB%E5%B0%BC,笑迷糊了,2111145965,True,知名搞笑幽默博主 搞笑视频自媒体
角儿，你是藏在云层里的月亮，也是我穷极一生寻找的宝藏！,906,465,f,https://m.weibo.cn/u/5232942132?uid=5232942132&luicode=10000011&lfid=100103type%3D1%26q%3D%E4%B8%8A%E6%B5%B7%E8%BF%AA%E5%A3%AB%E5%B0%BC,不爱吃鱼的喵咪喵咪,5232942132,True,张云雷明星榜超话小主持人
尴了个尬，我换不了昵称了,43,52832,f,https://m.weibo.cn/u/5291692655?uid=5291692655&luicode=10000011&lfid=100103type%3D1%26q%3D%E4%B8%8A%E6%B5%B7%E8%BF%AA%E5%A3%AB%E5%B0%BC,KNIGHTEEN组合,5291692655,True,综艺博主
我走的很慢，但我不后退,576,627,f,https://m.weibo.cn/u/2173468863?uid=2173468863&luicode=10000011&lfid=100103type%3D1%26q%3D%E4%B8%8A%E6%B5%B7%E8%BF%AA%E5%A3%AB%E5%B0%BC,Murat小疙瘩,2173468863,True,迪丽热巴超话粉丝大咖
COLORFUL &amp; FREEEEEEEEEEEEEEE,710,99,f,https://m.weibo.cn/u/5524117337?uid=5524117337&luicode=10000011&lfid=100103type%3D1%26q%3D%E4%B8%8A%E6%B5%B7%E8%BF%AA%E5%A3%AB%E5%B0%BC,寻物绮事,5524117337,False,
,321,520655,m,https://m.weibo.cn/u/6367852368?uid=6367852368&luicode=10000011&lfid=100103type%3D1%26q%3D%E4%B8%8A%E6%B5%B7%E8%BF%AA%E5%A3%AB%E5%B0%BC,热门资讯第一线,6367852368,True,资讯视频自媒体
送钱是我唯一快乐的方式,252,1461258,m,https://m.weibo.cn/u/6511541439?uid=6511541439&luicode=10000011&lfid=100103type%3D1%26q%3D%E4%B8%8A%E6%B5%B7%E8%BF%AA%E5%A3%AB%E5%B0%BC,金主哥,6511541439,True,知名互联网资讯博主
杂谈：乱其八糟，啥都有…,568,584307,m,https://m.weibo.cn/u/1318557102?uid=1318557102&luicode=10000011&lfid=100103type%3D1%26q%3D%E4%B8%8A%E6%B5%B7%E8%BF%AA%E5%A3%AB%E5%B0%BC,记得,1318557102,True,知名搞笑幽默博主 搞笑视频自媒体
只专注张艺兴。兴唯，唯，唯。没墙头！拒绝跑三，队友。谢谢合作！,274,220,f,https://m.weibo.cn/u/5931154485?uid=5931154485&luicode=10000011&lfid=100103type%3D1%26q%3D%E4%B8%8A%E6%B5%B7%E8%BF%AA%E5%A3%AB%E5%B0%BC,LLittleLady,5931154485,True,张艺兴超话粉丝大咖
养猫博主｜快乐秧苗,460,20862,f,https://m.weibo.cn/u/5671962775?uid=5671962775&luicode=10000011&lfid=100103type%3D1%26q%3D%E4%B8%8A%E6%B5%B7%E8%BF%AA%E5%A3%AB%E5%B0%BC,秧苗成长日记,5671962775,False,
上新浪新闻客户端，每天了解世界多一点。下载客户端：http://sina.cn/j/d.php?k=87,1896,21290112,m,https://m.weibo.cn/u/2028810631?uid=2028810631&luicode=10000011&lfid=100103type%3D1%26q%3D%E4%B8%8A%E6%B5%B7%E8%BF%AA%E5%A3%AB%E5%B0%BC,新浪新闻,2028810631,True,新浪新闻
《新周刊》，“中国最新锐的生活方式周刊”，创办于1996年8月18日，二十一年猛进，已成为中国社会变迁最敏锐的观察者与记录者。新媒体合作邮箱： neweeklyteam@163.com,636,19581547,m,https://m.weibo.cn/u/1653689003?uid=1653689003&luicode=10000011&lfid=100103type%3D1%26q%3D%E4%B8%8A%E6%B5%B7%E8%BF%AA%E5%A3%AB%E5%B0%BC,新周刊,1653689003,True,《新周刊》官方微博
不仅仅是一个科技媒体。所以看到我们除了硬件和互联网之外，还发商业、生活方式、影评......甚至文学的时候，请不要太惊讶~ 合作联系 ad@ifanr.com,626,1941042,m,https://m.weibo.cn/u/1642720480?uid=1642720480&luicode=10000011&lfid=100103type%3D1%26q%3D%E4%B8%8A%E6%B5%B7%E8%BF%AA%E5%A3%AB%E5%B0%BC,爱范儿,1642720480,True,爱范儿官方微博
生活的本质是开心,187,1340,m,https://m.weibo.cn/u/6574710823?uid=6574710823&luicode=10000011&lfid=100103type%3D1%26q%3D%E4%B8%8A%E6%B5%B7%E8%BF%AA%E5%A3%AB%E5%B0%BC,Mandarren,6574710823,False,
钟于，忠于，衷于，终于。,415,542,f,https://m.weibo.cn/u/2898351667?uid=2898351667&luicode=10000011&lfid=100103type%3D1%26q%3D%E4%B8%8A%E6%B5%B7%E8%BF%AA%E5%A3%AB%E5%B0%BC,徐妍Yolanda,2898351667,False,
看点CPY怎么了，买那么多漫画怎么了，喜欢玩高达怎么了，爱打游戏怎么了。,57,76,f,https://m.weibo.cn/u/3267575375?uid=3267575375&luicode=10000011&lfid=100103type%3D1%26q%3D%E4%B8%8A%E6%B5%B7%E8%BF%AA%E5%A3%AB%E5%B0%BC,疯了的CPY女纸,3267575375,False,
梦想能环游世界的铁胆火车咖，为你推荐超全的旅行交通攻略，路痴小白赶紧关注起来！,289,1053136,m,https://m.weibo.cn/u/6364463709?uid=6364463709&luicode=10000011&lfid=100103type%3D1%26q%3D%E4%B8%8A%E6%B5%B7%E8%BF%AA%E5%A3%AB%E5%B0%BC,铁胆火车咖,6364463709,True,旅行视频自媒体
,57,133,f,https://m.weibo.cn/u/2599195487?uid=2599195487&luicode=10000011&lfid=100103type%3D1%26q%3D%E4%B8%8A%E6%B5%B7%E8%BF%AA%E5%A3%AB%E5%B0%BC,徐富贵的妈妈,2599195487,False,
爱北京，熟悉北京，报道北京,1089,4333414,m,https://m.weibo.cn/u/1893892941?uid=1893892941&luicode=10000011&lfid=100103type%3D1%26q%3D%E4%B8%8A%E6%B5%B7%E8%BF%AA%E5%A3%AB%E5%B0%BC,北京日报,1893892941,True,《北京日报》官方微博
[ 不多不少的偏执 ],140,365,f,https://m.weibo.cn/u/2941994201?uid=2941994201&luicode=10000011&lfid=100103type%3D1%26q%3D%E4%B8%8A%E6%B5%B7%E8%BF%AA%E5%A3%AB%E5%B0%BC,偏执的梁小花,2941994201,True,迪士尼超话主持人
🌟 严以律己 宽以待人 与世无争🌟,1854,5086,f,https://m.weibo.cn/u/2694464392?uid=2694464392&luicode=10000011&lfid=100103type%3D1%26q%3D%E4%B8%8A%E6%B5%B7%E8%BF%AA%E5%A3%AB%E5%B0%BC,Cony兔姬USAKO,2694464392,False,
微博知名旅行博主 新浪自媒体 合作请私信,339,1125081,m,https://m.weibo.cn/u/5144481626?uid=5144481626&luicode=10000011&lfid=100103type%3D1%26q%3D%E4%B8%8A%E6%B5%B7%E8%BF%AA%E5%A3%AB%E5%B0%BC,行走旅行人生,5144481626,False,
世界那么大，读过万卷书、走过万里路，你才能明白眼前的事。,256,1376801,m,https://m.weibo.cn/u/2941035134?uid=2941035134&luicode=10000011&lfid=100103type%3D1%26q%3D%E4%B8%8A%E6%B5%B7%E8%BF%AA%E5%A3%AB%E5%B0%BC,旅游王子,2941035134,False,
我的梦想是收集一切可爱的松松坨们(๑•̀ω•́๑),334,19452,f,https://m.weibo.cn/u/6485590643?uid=6485590643&luicode=10000011&lfid=100103type%3D1%26q%3D%E4%B8%8A%E6%B5%B7%E8%BF%AA%E5%A3%AB%E5%B0%BC,松松的备忘录,6485590643,True,知名动漫博主
把握当下，珍惜眼前。,420,269,f,https://m.weibo.cn/u/3298429407?uid=3298429407&luicode=10000011&lfid=100103type%3D1%26q%3D%E4%B8%8A%E6%B5%B7%E8%BF%AA%E5%A3%AB%E5%B0%BC,-王猜猜,3298429407,False,
📸📸📸,64,2,m,https://m.weibo.cn/u/7339123009?uid=7339123009&luicode=10000011&lfid=100103type%3D1%26q%3D%E4%B8%8A%E6%B5%B7%E8%BF%AA%E5%A3%AB%E5%B0%BC,大佬凯凯,7339123009,False,
,699,232,f,https://m.weibo.cn/u/2863101774?uid=2863101774&luicode=10000011&lfid=100103type%3D1%26q%3D%E4%B8%8A%E6%B5%B7%E8%BF%AA%E5%A3%AB%E5%B0%BC,Patty董,2863101774,False,
人生苦短 不贪则乐,284,182643,f,https://m.weibo.cn/u/2110636030?uid=2110636030&luicode=10000011&lfid=100103type%3D1%26q%3D%E4%B8%8A%E6%B5%B7%E8%BF%AA%E5%A3%AB%E5%B0%BC,徐猫癣,2110636030,False,
吃吃吃，别废话…美食编辑，梦想是：成为旅游KOL～～～Base in Shanghai！,1065,991,f,https://m.weibo.cn/u/1656457831?uid=1656457831&luicode=10000011&lfid=100103type%3D1%26q%3D%E4%B8%8A%E6%B5%B7%E8%BF%AA%E5%A3%AB%E5%B0%BC,Safina_Sun,1656457831,False,
,307,181,f,https://m.weibo.cn/u/5298999539?uid=5298999539&luicode=10000011&lfid=100103type%3D1%26q%3D%E4%B8%8A%E6%B5%B7%E8%BF%AA%E5%A3%AB%E5%B0%BC,Julia_SSS,5298999539,False,
黑头发的小冰宝..,738,860,f,https://m.weibo.cn/u/1851828962?uid=1851828962&luicode=10000011&lfid=100103type%3D1%26q%3D%E4%B8%8A%E6%B5%B7%E8%BF%AA%E5%A3%AB%E5%B0%BC,冰尐寶卟得了,1851828962,False,
横看成岭侧成峰，远近高低各不同。,258,3904132,f,https://m.weibo.cn/u/3323442082?uid=3323442082&luicode=10000011&lfid=100103type%3D1%26q%3D%E4%B8%8A%E6%B5%B7%E8%BF%AA%E5%A3%AB%E5%B0%BC,视觉酱,3323442082,True,微博知名情感帐号
不务正业广告人。,160,450774,f,https://m.weibo.cn/u/1796746792?uid=1796746792&luicode=10000011&lfid=100103type%3D1%26q%3D%E4%B8%8A%E6%B5%B7%E8%BF%AA%E5%A3%AB%E5%B0%BC,Linlin的奇妙冒险,1796746792,True,微博vlog博主 旅行视频自媒体
◡̈⃝ ​​​  BE HAPPY,271,176,f,https://m.weibo.cn/u/5686211937?uid=5686211937&luicode=10000011&lfid=100103type%3D1%26q%3D%E4%B8%8A%E6%B5%B7%E8%BF%AA%E5%A3%AB%E5%B0%BC,金桔Kikko_,5686211937,False,
在微博发现，发现不一样的微博。PC访问d.weibo.com，客户端找下方放大镜！那不是平底锅！,266,3194475,m,https://m.weibo.cn/u/1668216997?uid=1668216997&luicode=10000011&lfid=100103type%3D1%26q%3D%E4%B8%8A%E6%B5%B7%E8%BF%AA%E5%A3%AB%E5%B0%BC,微博发现,1668216997,True,微博发现官方微博
三坑彩妆摄影游戏玩家。,609,19222,f,https://m.weibo.cn/u/5144389339?uid=5144389339&luicode=10000011&lfid=100103type%3D1%26q%3D%E4%B8%8A%E6%B5%B7%E8%BF%AA%E5%A3%AB%E5%B0%BC,沁凉c,5144389339,True,知名美妆博主
【易长痘偏干皮】，略懂点医美的护肤伪美食博主,425,485096,f,https://m.weibo.cn/u/6107484584?uid=6107484584&luicode=10000011&lfid=100103type%3D1%26q%3D%E4%B8%8A%E6%B5%B7%E8%BF%AA%E5%A3%AB%E5%B0%BC,PoPo娘,6107484584,True,时尚美妆视频自媒体 微博签约自媒体
Love💜Yourself,374,249,f,https://m.weibo.cn/u/2671561403?uid=2671561403&luicode=10000011&lfid=100103type%3D1%26q%3D%E4%B8%8A%E6%B5%B7%E8%BF%AA%E5%A3%AB%E5%B0%BC,柾_kookie,2671561403,False,
♪老板~来一份奶香贝贝酥加点夜贝酱!,111,35355,f,https://m.weibo.cn/u/2368677350?uid=2368677350&luicode=10000011&lfid=100103type%3D1%26q%3D%E4%B8%8A%E6%B5%B7%E8%BF%AA%E5%A3%AB%E5%B0%BC,夜贝酱,2368677350,False,
关注上海迪士尼商店的运营与商品资讯，构建上海迪士尼粉丝服务平台。认证微信公众平台shdsn2016;迪迷粉丝会QQ与微信2651035595/QQ群123105131,1593,12532,f,https://m.weibo.cn/u/5303571970?uid=5303571970&luicode=10000011&lfid=100103type%3D1%26q%3D%E4%B8%8A%E6%B5%B7%E8%BF%AA%E5%A3%AB%E5%B0%BC,上海迪士尼商店,5303571970,False,
现实中你沉默不语，网络上你重拳出击。,166,272,m,https://m.weibo.cn/u/6771312216?uid=6771312216&luicode=10000011&lfid=100103type%3D1%26q%3D%E4%B8%8A%E6%B5%B7%E8%BF%AA%E5%A3%AB%E5%B0%BC,你们这群凡人啊,6771312216,False,
用一杯水的单纯，面对一辈子的复杂,210,766,f,https://m.weibo.cn/u/2249312510?uid=2249312510&luicode=10000011&lfid=100103type%3D1%26q%3D%E4%B8%8A%E6%B5%B7%E8%BF%AA%E5%A3%AB%E5%B0%BC,Mathilda_Mandy,2249312510,False,
舞蹈演员,290,227,f,https://m.weibo.cn/u/5211258724?uid=5211258724&luicode=10000011&lfid=100103type%3D1%26q%3D%E4%B8%8A%E6%B5%B7%E8%BF%AA%E5%A3%AB%E5%B0%BC,美美扈,5211258724,False,
倔脾气直性子,151,35,f,https://m.weibo.cn/u/3553960762?uid=3553960762&luicode=10000011&lfid=100103type%3D1%26q%3D%E4%B8%8A%E6%B5%B7%E8%BF%AA%E5%A3%AB%E5%B0%BC,94蠢哭,3553960762,False,
全国旅游攻略收集，需要的小伙伴可以私信投稿🔆,2171,303960,m,https://m.weibo.cn/u/3181558672?uid=3181558672&luicode=10000011&lfid=100103type%3D1%26q%3D%E4%B8%8A%E6%B5%B7%E8%BF%AA%E5%A3%AB%E5%B0%BC,旅行达人赵小雨,3181558672,True, 五常市山林雪谷寻梦户外用品商店 经营者
➰➰➰➰➰➰➰➰➰➰➰➰➰➰➰➰➰,380,164,f,https://m.weibo.cn/u/1834099612?uid=1834099612&luicode=10000011&lfid=100103type%3D1%26q%3D%E4%B8%8A%E6%B5%B7%E8%BF%AA%E5%A3%AB%E5%B0%BC,LC-劉小花,1834099612,False,
,108,506,f,https://m.weibo.cn/u/2276709632?uid=2276709632&luicode=10000011&lfid=100103type%3D1%26q%3D%E4%B8%8A%E6%B5%B7%E8%BF%AA%E5%A3%AB%E5%B0%BC,-JaneEyre-,2276709632,False,
貪,237,524,m,https://m.weibo.cn/u/3898150451?uid=3898150451&luicode=10000011&lfid=100103type%3D1%26q%3D%E4%B8%8A%E6%B5%B7%E8%BF%AA%E5%A3%AB%E5%B0%BC,瘾喆r,3898150451,False,
做一个与世无争的垃圾,270,11245,f,https://m.weibo.cn/u/6474750517?uid=6474750517&luicode=10000011&lfid=100103type%3D1%26q%3D%E4%B8%8A%E6%B5%B7%E8%BF%AA%E5%A3%AB%E5%B0%BC,尴尬女孩本人,6474750517,False,
我人气不行，但我气人还行@,115,106,f,https://m.weibo.cn/u/5966914689?uid=5966914689&luicode=10000011&lfid=100103type%3D1%26q%3D%E4%B8%8A%E6%B5%B7%E8%BF%AA%E5%A3%AB%E5%B0%BC,邢可爱a,5966914689,False,
,67,354,m,https://m.weibo.cn/u/7025213704?uid=7025213704&luicode=10000011&lfid=100103type%3D1%26q%3D%E4%B8%8A%E6%B5%B7%E8%BF%AA%E5%A3%AB%E5%B0%BC,副中心2020,7025213704,False,
互联网从业人员,30,793851,f,https://m.weibo.cn/u/7168988471?uid=7168988471&luicode=10000011&lfid=100103type%3D1%26q%3D%E4%B8%8A%E6%B5%B7%E8%BF%AA%E5%A3%AB%E5%B0%BC,互小姐看世界,7168988471,False,
あなたと同じ未来歩きたい【有图发图 没图失踪】,716,2411,f,https://m.weibo.cn/u/2062025195?uid=2062025195&luicode=10000011&lfid=100103type%3D1%26q%3D%E4%B8%8A%E6%B5%B7%E8%BF%AA%E5%A3%AB%E5%B0%BC,音音-咸无止境,2062025195,False,
假装书法家，疑似废话师。半路出家的广告人和偶有灵感的段子手。很懒很丧的胖子和永远在焦虑的CEO。,99,4342,m,https://m.weibo.cn/u/1002348370?uid=1002348370&luicode=10000011&lfid=100103type%3D1%26q%3D%E4%B8%8A%E6%B5%B7%E8%BF%AA%E5%A3%AB%E5%B0%BC,胖黄历,1002348370,True,知名书法博主
挚爱贾乃亮。健康大过天，活在当下，珍惜每一刻，珍爱身边人。💗,134,105,f,https://m.weibo.cn/u/7337982810?uid=7337982810&luicode=10000011&lfid=100103type%3D1%26q%3D%E4%B8%8A%E6%B5%B7%E8%BF%AA%E5%A3%AB%E5%B0%BC,亮粉儿Bing,7337982810,False,
截图自取啦～薇⭐ :yuu9550,94,152,f,https://m.weibo.cn/u/7259911451?uid=7259911451&luicode=10000011&lfid=100103type%3D1%26q%3D%E4%B8%8A%E6%B5%B7%E8%BF%AA%E5%A3%AB%E5%B0%BC,小鱼的召唤,7259911451,False,
流连生命 记录生活 体味文字 中华文促会剪纸艺委会会员 （不入群）,1814,41934,f,https://m.weibo.cn/u/3227943572?uid=3227943572&luicode=10000011&lfid=100103type%3D1%26q%3D%E4%B8%8A%E6%B5%B7%E8%BF%AA%E5%A3%AB%E5%B0%BC,云燕,3227943572,True,知名旅游博主 爱旅行超话小主持人 微博故事原创作者 旅行视频自媒体
预定关注公众号：Here设计生活民宿 预定电话:191 2157 8065                  191 2157 7960 预定微信:heremy001(HERE沐野客服）,71,5236,f,https://m.weibo.cn/u/6209095647?uid=6209095647&luicode=10000011&lfid=100103type%3D1%26q%3D%E4%B8%8A%E6%B5%B7%E8%BF%AA%E5%A3%AB%E5%B0%BC,HERE沐野民宿,6209095647,False,
一些温柔. 上海自由女摄影师 约拍 旅拍 合作可私 .,116,1711,f,https://m.weibo.cn/u/3207179242?uid=3207179242&luicode=10000011&lfid=100103type%3D1%26q%3D%E4%B8%8A%E6%B5%B7%E8%BF%AA%E5%A3%AB%E5%B0%BC,觉生,3207179242,False,
环球旅行家 时尚美食撰稿人 广告演员 视觉中国签约摄影师,2095,1578186,f,https://m.weibo.cn/u/2531011765?uid=2531011765&luicode=10000011&lfid=100103type%3D1%26q%3D%E4%B8%8A%E6%B5%B7%E8%BF%AA%E5%A3%AB%E5%B0%BC,灵夕冰雪的兔子,2531011765,True,知名时尚博主 微博vlog博主 旅行玩家 飞猪旅行家 头条文章作者 微博签约自媒体
我要去看遍世间万物，你来我们一起走，你不来，我一个人走.,458,364648,f,https://m.weibo.cn/u/1198102231?uid=1198102231&luicode=10000011&lfid=100103type%3D1%26q%3D%E4%B8%8A%E6%B5%B7%E8%BF%AA%E5%A3%AB%E5%B0%BC,佛系背包客,1198102231,True,知名旅游博主 译制视频自媒体
圈里的一名资深八卦娱记~,75,4613016,f,https://m.weibo.cn/u/2706266814?uid=2706266814&luicode=10000011&lfid=100103type%3D1%26q%3D%E4%B8%8A%E6%B5%B7%E8%BF%AA%E5%A3%AB%E5%B0%BC,饭圈每日大料,2706266814,True,知名娱乐博主
Shwin and Jackson Yee,217,689,f,https://m.weibo.cn/u/5234765623?uid=5234765623&luicode=10000011&lfid=100103type%3D1%26q%3D%E4%B8%8A%E6%B5%B7%E8%BF%AA%E5%A3%AB%E5%B0%BC,千玺的小梨涡Shwin-,5234765623,False,
心里住着少女...💌,778,16816,f,https://m.weibo.cn/u/2742307342?uid=2742307342&luicode=10000011&lfid=100103type%3D1%26q%3D%E4%B8%8A%E6%B5%B7%E8%BF%AA%E5%A3%AB%E5%B0%BC,VERONICA与她的孩子们,2742307342,True,设计美学博主
,203,2071308,m,https://m.weibo.cn/u/2769885021?uid=2769885021&luicode=10000011&lfid=100103type%3D1%26q%3D%E4%B8%8A%E6%B5%B7%E8%BF%AA%E5%A3%AB%E5%B0%BC,中新视频,2769885021,True,中国新闻网视频频道法人微博
媒体人，摄影记者，体育、旅游，领略世间美好！合作爆料请私信！v：245650168,1378,579841,m,https://m.weibo.cn/u/1301495027?uid=1301495027&luicode=10000011&lfid=100103type%3D1%26q%3D%E4%B8%8A%E6%B5%B7%E8%BF%AA%E5%A3%AB%E5%B0%BC,华华86,1301495027,True,媒体人（济南） 记者、编辑 资讯短视频资深拍客 微博vlog博主 微博故事原创作者 新鲜事作者
无知的人总是在仇恨与嫉妒。我的微博我做主，❌对方辩友。,351,121,f,https://m.weibo.cn/u/5501736040?uid=5501736040&luicode=10000011&lfid=100103type%3D1%26q%3D%E4%B8%8A%E6%B5%B7%E8%BF%AA%E5%A3%AB%E5%B0%BC,细嗅蔷薇zls,5501736040,False,
愿时光倒流,634,81987,f,https://m.weibo.cn/u/1787101881?uid=1787101881&luicode=10000011&lfid=100103type%3D1%26q%3D%E4%B8%8A%E6%B5%B7%E8%BF%AA%E5%A3%AB%E5%B0%BC,喵拾柒,1787101881,True,时尚博主
上海东方明珠，上海旅游景点，上海美食，吃喝玩乐，上海夜生活，上海风光，上海老街 私信@上海热门吃喝玩乐,145,8599181,f,https://m.weibo.cn/u/3307579552?uid=3307579552&luicode=10000011&lfid=100103type%3D1%26q%3D%E4%B8%8A%E6%B5%B7%E8%BF%AA%E5%A3%AB%E5%B0%BC,上海热门吃喝玩乐,3307579552,False,
喜欢五月天，喜欢陈老师，喜欢LaLa，喜欢Hebe，最爱丁当！开启一段新的人生旅程，希望能幸福的和你一起走下去!❤️,746,868,m,https://m.weibo.cn/u/1916878670?uid=1916878670&luicode=10000011&lfid=100103type%3D1%26q%3D%E4%B8%8A%E6%B5%B7%E8%BF%AA%E5%A3%AB%E5%B0%BC,半帶電de洋蔥,1916878670,False,
大龄儿童,1923,999,f,https://m.weibo.cn/u/1785522523?uid=1785522523&luicode=10000011&lfid=100103type%3D1%26q%3D%E4%B8%8A%E6%B5%B7%E8%BF%AA%E5%A3%AB%E5%B0%BC,relarxxxxxxxx,1785522523,False,
Take me，我们飞向星辰大海！,1613,3989,f,https://m.weibo.cn/u/1301847924?uid=1301847924&luicode=10000011&lfid=100103type%3D1%26q%3D%E4%B8%8A%E6%B5%B7%E8%BF%AA%E5%A3%AB%E5%B0%BC,美丫丫她娘,1301847924,False,
"分享旅行美图，旅行攻略， 不一样的旅行,不一样的人生。#欢迎投稿# 素材均来自网上 如有冒犯敬请见谅。",73,5054375,m,https://m.weibo.cn/u/5709934839?uid=5709934839&luicode=10000011&lfid=100103type%3D1%26q%3D%E4%B8%8A%E6%B5%B7%E8%BF%AA%E5%A3%AB%E5%B0%BC,旅行日常,5709934839,True,知名旅游博主 头条文章作者 微博签约自媒体
喜欢旅游、摄影，集齐各地旅游攻略走遍中国的每一个角落,1427,402365,f,https://m.weibo.cn/u/5042538246?uid=5042538246&luicode=10000011&lfid=100103type%3D1%26q%3D%E4%B8%8A%E6%B5%B7%E8%BF%AA%E5%A3%AB%E5%B0%BC,环球旅行笔记,5042538246,True,摄影博主
你的心动收藏夹～联名限定都收入囊中！,73,29349,f,https://m.weibo.cn/u/6941721013?uid=6941721013&luicode=10000011&lfid=100103type%3D1%26q%3D%E4%B8%8A%E6%B5%B7%E8%BF%AA%E5%A3%AB%E5%B0%BC,少女穿搭学院,6941721013,False,
商务合作请联系邮箱：yzy135@weinian.com.cn,448,1979041,f,https://m.weibo.cn/u/2101822767?uid=2101822767&luicode=10000011&lfid=100103type%3D1%26q%3D%E4%B8%8A%E6%B5%B7%E8%BF%AA%E5%A3%AB%E5%B0%BC,钟恩淇,2101822767,True,歌手、演员、模特
合作洽谈请联系：010-63213125,166,96253,f,https://m.weibo.cn/u/6860863702?uid=6860863702&luicode=10000011&lfid=100103type%3D1%26q%3D%E4%B8%8A%E6%B5%B7%E8%BF%AA%E5%A3%AB%E5%B0%BC,文旅中国,6860863702,True,文化和旅游部官方移动客户端官方微博
让我们永远坚持走向上的路，追求正义和智慧。,435,370,m,https://m.weibo.cn/u/6389691536?uid=6389691536&luicode=10000011&lfid=100103type%3D1%26q%3D%E4%B8%8A%E6%B5%B7%E8%BF%AA%E5%A3%AB%E5%B0%BC,阿特拉师耸耸肩,6389691536,False,
本人只有一个微博账号，当心骗子,296,604404,m,https://m.weibo.cn/u/1653537950?uid=1653537950&luicode=10000011&lfid=100103type%3D1%26q%3D%E4%B8%8A%E6%B5%B7%E8%BF%AA%E5%A3%AB%E5%B0%BC,蜀山剑胆琴心,1653537950,True,职业投资人 职业投资人 新浪财经签约主播 知名财经博主 头条文章作者 微博签约自媒体
平平淡淡才是真,159,401,f,https://m.weibo.cn/u/1634075760?uid=1634075760&luicode=10000011&lfid=100103type%3D1%26q%3D%E4%B8%8A%E6%B5%B7%E8%BF%AA%E5%A3%AB%E5%B0%BC,Y阿小阿童,1634075760,False,
一万年来谁著史 八千里外觅封侯，“进城杂谈”作者,187,761577,m,https://m.weibo.cn/u/2208787052?uid=2208787052&luicode=10000011&lfid=100103type%3D1%26q%3D%E4%B8%8A%E6%B5%B7%E8%BF%AA%E5%A3%AB%E5%B0%BC,历史的进城,2208787052,True,知名财经博主
专业，更得敬业……,469,2163942,m,https://m.weibo.cn/u/2050309667?uid=2050309667&luicode=10000011&lfid=100103type%3D1%26q%3D%E4%B8%8A%E6%B5%B7%E8%BF%AA%E5%A3%AB%E5%B0%BC,胡子说海,2050309667,True,知名军事博主 军事视频自媒体
最新、最全的旅游旅行、美食攻略~ 合作请加Q：812807070,1990,2051784,m,https://m.weibo.cn/u/2453884657?uid=2453884657&luicode=10000011&lfid=100103type%3D1%26q%3D%E4%B8%8A%E6%B5%B7%E8%BF%AA%E5%A3%AB%E5%B0%BC,北纬18度旅行家,2453884657,True,知名旅游博主 头条文章作者 微博签约自媒体
,663,578,f,https://m.weibo.cn/u/2216883687?uid=2216883687&luicode=10000011&lfid=100103type%3D1%26q%3D%E4%B8%8A%E6%B5%B7%E8%BF%AA%E5%A3%AB%E5%B0%BC,给我个烤箱,2216883687,True,头鱼教主超话主持人
斗鱼：5744978,588,18090,f,https://m.weibo.cn/u/5889914992?uid=5889914992&luicode=10000011&lfid=100103type%3D1%26q%3D%E4%B8%8A%E6%B5%B7%E8%BF%AA%E5%A3%AB%E5%B0%BC,YUKO鱼扣扣,5889914992,True,游戏博主
没有发动态的时候在生活呀,283,5641,f,https://m.weibo.cn/u/6528295464?uid=6528295464&luicode=10000011&lfid=100103type%3D1%26q%3D%E4%B8%8A%E6%B5%B7%E8%BF%AA%E5%A3%AB%E5%B0%BC,方小撇,6528295464,False,
小时候学习好，小名叫一一，不代表业务水平第一！！！ 业务水平真的不是第一！！！可能是倒数第一！！！,515,1001664,f,https://m.weibo.cn/u/1657269881?uid=1657269881&luicode=10000011&lfid=100103type%3D1%26q%3D%E4%B8%8A%E6%B5%B7%E8%BF%AA%E5%A3%AB%E5%B0%BC,律师一姐,1657269881,True,知名法律博主 头条文章作者
🔺来自火星的石榴🔻,1004,750,f,https://m.weibo.cn/u/3908408667?uid=3908408667&luicode=10000011&lfid=100103type%3D1%26q%3D%E4%B8%8A%E6%B5%B7%E8%BF%AA%E5%A3%AB%E5%B0%BC,Bambiiii-ZXM,3908408667,True,欧阳娜娜超话粉丝大咖
最美的季节去最美的地方旅行！微博攻略均来自：粉丝投稿和网上收集！合作请私信,871,652629,m,https://m.weibo.cn/u/2137741580?uid=2137741580&luicode=10000011&lfid=100103type%3D1%26q%3D%E4%B8%8A%E6%B5%B7%E8%BF%AA%E5%A3%AB%E5%B0%BC,自助旅行玩家,2137741580,True,知名旅游博主 头条文章作者 微博签约自媒体
平安健康开心,359,228,f,https://m.weibo.cn/u/1805147233?uid=1805147233&luicode=10000011&lfid=100103type%3D1%26q%3D%E4%B8%8A%E6%B5%B7%E8%BF%AA%E5%A3%AB%E5%B0%BC,任琳琳儿,1805147233,False,
💓风团💓🐈🐕kitty❤puppy ←我的两个小可爱 老阿姨护犊子慎关,248,7338,f,https://m.weibo.cn/u/2319278380?uid=2319278380&luicode=10000011&lfid=100103type%3D1%26q%3D%E4%B8%8A%E6%B5%B7%E8%BF%AA%E5%A3%AB%E5%B0%BC,橘冬冬冬冬冬冬冬,2319278380,False,
曾经的美好留在心里的僻角！现今的幸福及时把握！将未的前途好好铺垫！失去的都不是自己该拥有的！拥有的就该好好珍惜！一朝失去便是永久…抱憾今生！,3573,610950,m,https://m.weibo.cn/u/5644727559?uid=5644727559&luicode=10000011&lfid=100103type%3D1%26q%3D%E4%B8%8A%E6%B5%B7%E8%BF%AA%E5%A3%AB%E5%B0%BC,真命天子之忠贞卫士,5644727559,True,知名情感博主 龙儿心语与转摘超话主持人 新鲜事金牌作者 头条文章作者 微博签约自媒体
"一起把风景都看透,再陪你看细水长流 | 合作QQ：1480819812",177,65393,f,https://m.weibo.cn/u/6560649879?uid=6560649879&luicode=10000011&lfid=100103type%3D1%26q%3D%E4%B8%8A%E6%B5%B7%E8%BF%AA%E5%A3%AB%E5%B0%BC,旅行恋,6560649879,False,
国际DJ调酒师培训认证中心,17,437,m,https://m.weibo.cn/u/1911882064?uid=1911882064&luicode=10000011&lfid=100103type%3D1%26q%3D%E4%B8%8A%E6%B5%B7%E8%BF%AA%E5%A3%AB%E5%B0%BC,阿明DJ调酒讲师,1911882064,True,深圳市阿明娱乐传媒有限公司 法人
沉迷捏娃的斜杠青年,888,5330,f,https://m.weibo.cn/u/1347171115?uid=1347171115&luicode=10000011&lfid=100103type%3D1%26q%3D%E4%B8%8A%E6%B5%B7%E8%BF%AA%E5%A3%AB%E5%B0%BC,狒狒DOLL,1347171115,False,
收视率小福星，专追收视王冠剧！(欢迎投稿),39,1068896,f,https://m.weibo.cn/u/2427185642?uid=2427185642&luicode=10000011&lfid=100103type%3D1%26q%3D%E4%B8%8A%E6%B5%B7%E8%BF%AA%E5%A3%AB%E5%B0%BC,收视小福星,2427185642,False,
"专著偶像养成,培星选秀，你的下一个爱豆就在这里！商务合作，请添加VX：lirenkj",1168,1043664,f,https://m.weibo.cn/u/6414541519?uid=6414541519&luicode=10000011&lfid=100103type%3D1%26q%3D%E4%B8%8A%E6%B5%B7%E8%BF%AA%E5%A3%AB%E5%B0%BC,大娱饭,6414541519,True,娱乐综艺视频自媒体
大家一起乐呵一下,1012,580246,m,https://m.weibo.cn/u/1691127162?uid=1691127162&luicode=10000011&lfid=100103type%3D1%26q%3D%E4%B8%8A%E6%B5%B7%E8%BF%AA%E5%A3%AB%E5%B0%BC,蕉绿青年,1691127162,True,搞笑幽默博主
一些些碎碎念。😛,1226,1005,f,https://m.weibo.cn/u/1962665821?uid=1962665821&luicode=10000011&lfid=100103type%3D1%26q%3D%E4%B8%8A%E6%B5%B7%E8%BF%AA%E5%A3%AB%E5%B0%BC,楊不萌不萌,1962665821,False,
言论仅为个人观点，与供职单位无关。 VX/QQ：229599458,925,3323611,m,https://m.weibo.cn/u/2099956712?uid=2099956712&luicode=10000011&lfid=100103type%3D1%26q%3D%E4%B8%8A%E6%B5%B7%E8%BF%AA%E5%A3%AB%E5%B0%BC,CX满,2099956712,True,媒体人 记者 资讯短视频资深拍客 微博vlog博主
不是官微，是迪士尼爱好者,418,1139927,f,https://m.weibo.cn/u/5811341303?uid=5811341303&luicode=10000011&lfid=100103type%3D1%26q%3D%E4%B8%8A%E6%B5%B7%E8%BF%AA%E5%A3%AB%E5%B0%BC,物语迪士尼disney,5811341303,True,知名动漫博主 动漫视频自媒体
杠精、畜生、脑残禁止关注，19年看到嘴贱的就拉黑，请谨慎留言。,1713,1617746,m,https://m.weibo.cn/u/5316215492?uid=5316215492&luicode=10000011&lfid=100103type%3D1%26q%3D%E4%B8%8A%E6%B5%B7%E8%BF%AA%E5%A3%AB%E5%B0%BC,娱乐圈八卦大站,5316215492,True,知名娱乐博主 娱乐综艺视频自媒体
CHINA DAILY《中国日报》在新时代，与你一起记录中国，点评世界。,713,46432580,m,https://m.weibo.cn/u/1663072851?uid=1663072851&luicode=10000011&lfid=100103type%3D1%26q%3D%E4%B8%8A%E6%B5%B7%E8%BF%AA%E5%A3%AB%E5%B0%BC,中国日报,1663072851,True,China Daily 中国日报官方微博
独立评论,469,1095541,m,https://m.weibo.cn/u/1098512281?uid=1098512281&luicode=10000011&lfid=100103type%3D1%26q%3D%E4%B8%8A%E6%B5%B7%E8%BF%AA%E5%A3%AB%E5%B0%BC,纸上速评,1098512281,True,微博时事帐号 头条文章作者 微博签约自媒体
逛就逛尽兴，吃就吃高兴！VX：229599458,253,703763,m,https://m.weibo.cn/u/6080088411?uid=6080088411&luicode=10000011&lfid=100103type%3D1%26q%3D%E4%B8%8A%E6%B5%B7%E8%BF%AA%E5%A3%AB%E5%B0%BC,旅游美食帝,6080088411,True,知名旅游博主 新鲜事金牌作者
淘宝女装：虫范儿// 淘宝童装：虫范儿童装店// 虫范儿1986店铺弃用,416,568533,f,https://m.weibo.cn/u/2032353233?uid=2032353233&luicode=10000011&lfid=100103type%3D1%26q%3D%E4%B8%8A%E6%B5%B7%E8%BF%AA%E5%A3%AB%E5%B0%BC,虫子的窝儿,2032353233,True,知名时尚博主 时尚美妆视频自媒体
国内知名网微日均阅读500万+，反馈与合作:13634309292,1356,4712450,m,https://m.weibo.cn/u/1722628512?uid=1722628512&luicode=10000011&lfid=100103type%3D1%26q%3D%E4%B8%8A%E6%B5%B7%E8%BF%AA%E5%A3%AB%E5%B0%BC,新文化网,1722628512,True,新文化网官方微博
一枚精致双胞胎少女宝妈 日常混迹（早教、带娃、育儿、母婴）,377,150,f,https://m.weibo.cn/u/2032483417?uid=2032483417&luicode=10000011&lfid=100103type%3D1%26q%3D%E4%B8%8A%E6%B5%B7%E8%BF%AA%E5%A3%AB%E5%B0%BC,羊羊咩咩吖,2032483417,False,
,92,38,f,https://m.weibo.cn/u/6097739300?uid=6097739300&luicode=10000011&lfid=100103type%3D1%26q%3D%E4%B8%8A%E6%B5%B7%E8%BF%AA%E5%A3%AB%E5%B0%BC,干嘛不让我改名字阿,6097739300,False,
知名搞笑博主,568,1761027,m,https://m.weibo.cn/u/5079792230?uid=5079792230&luicode=10000011&lfid=100103type%3D1%26q%3D%E4%B8%8A%E6%B5%B7%E8%BF%AA%E5%A3%AB%E5%B0%BC,几条视频,5079792230,False,
哪有什么暗箭难防?扎心的都是明枪。商务合作，请添加VX：lirenkj,1287,806639,f,https://m.weibo.cn/u/6421121201?uid=6421121201&luicode=10000011&lfid=100103type%3D1%26q%3D%E4%B8%8A%E6%B5%B7%E8%BF%AA%E5%A3%AB%E5%B0%BC,最爱影视回忆杀,6421121201,True,电视剧视频自媒体
从油画中发现美丽！,18706,21241,m,https://m.weibo.cn/u/1778488742?uid=1778488742&luicode=10000011&lfid=100103type%3D1%26q%3D%E4%B8%8A%E6%B5%B7%E8%BF%AA%E5%A3%AB%E5%B0%BC,今天_金丰,1778488742,True,知名人文艺术博主 头条文章作者
𝗬𝗼𝘂'𝗿𝗲 𝘁𝗵𝗲 𝗰𝗿𝗲𝗮𝗺 𝗶𝗻 𝗺𝘆 𝗰𝗼𝗳𝗳𝗲𝗲.☕️,281,1984,f,https://m.weibo.cn/u/1801356073?uid=1801356073&luicode=10000011&lfid=100103type%3D1%26q%3D%E4%B8%8A%E6%B5%B7%E8%BF%AA%E5%A3%AB%E5%B0%BC,RRyooii,1801356073,False,
高兴也是一天不高兴也是一天，何必给自己过不去呢，商务合作，请添加VX：lirenkj,178,744561,m,https://m.weibo.cn/u/6420901148?uid=6420901148&luicode=10000011&lfid=100103type%3D1%26q%3D%E4%B8%8A%E6%B5%B7%E8%BF%AA%E5%A3%AB%E5%B0%BC,搞笑光明顶,6420901148,True,搞笑视频自媒体
上班｜护肤｜生活｜遛娃，攒足一个口活成“花瓶”妈妈,462,18602,f,https://m.weibo.cn/u/1743362001?uid=1743362001&luicode=10000011&lfid=100103type%3D1%26q%3D%E4%B8%8A%E6%B5%B7%E8%BF%AA%E5%A3%AB%E5%B0%BC,跳跳小队长,1743362001,False,
,193,131,f,https://m.weibo.cn/u/5023944742?uid=5023944742&luicode=10000011&lfid=100103type%3D1%26q%3D%E4%B8%8A%E6%B5%B7%E8%BF%AA%E5%A3%AB%E5%B0%BC,迪迦奥特曼芭比小公主Maggie,5023944742,False,
FM94.4 郑州音乐广播 经典最流行 TOP40,616,547102,f,https://m.weibo.cn/u/1767809875?uid=1767809875&luicode=10000011&lfid=100103type%3D1%26q%3D%E4%B8%8A%E6%B5%B7%E8%BF%AA%E5%A3%AB%E5%B0%BC,郑州音乐广播,1767809875,True,FM94.4 郑州音乐广播 官博
要有自制力,411,260,f,https://m.weibo.cn/u/2912491467?uid=2912491467&luicode=10000011&lfid=100103type%3D1%26q%3D%E4%B8%8A%E6%B5%B7%E8%BF%AA%E5%A3%AB%E5%B0%BC,LotmoQoQ,2912491467,False,
你好这里KF♡翟天临♡白宇♡约翰尼德普是初心  TO BE CONTINUED,360,123,f,https://m.weibo.cn/u/2818212944?uid=2818212944&luicode=10000011&lfid=100103type%3D1%26q%3D%E4%B8%8A%E6%B5%B7%E8%BF%AA%E5%A3%AB%E5%B0%BC,Kidney_failure,2818212944,False,
海外热门资讯趣事搞笑文化传播博主,913,242781,f,https://m.weibo.cn/u/7063787500?uid=7063787500&luicode=10000011&lfid=100103type%3D1%26q%3D%E4%B8%8A%E6%B5%B7%E8%BF%AA%E5%A3%AB%E5%B0%BC,咪姐带你看世界,7063787500,True,搞笑视频自媒体
关注微博，私信获取观看最新最热电影资源,301,2972723,f,https://m.weibo.cn/u/1880195485?uid=1880195485&luicode=10000011&lfid=100103type%3D1%26q%3D%E4%B8%8A%E6%B5%B7%E8%BF%AA%E5%A3%AB%E5%B0%BC,全球经典音乐影视,1880195485,True,知名电影博主 娱乐综艺视频自媒体
足球是圆的,438,71799,m,https://m.weibo.cn/u/3940523235?uid=3940523235&luicode=10000011&lfid=100103type%3D1%26q%3D%E4%B8%8A%E6%B5%B7%E8%BF%AA%E5%A3%AB%E5%B0%BC,东阳足球,3940523235,True,东阳市足球协会  教练员
人生最终目的是健康、快乐！养生是一种生活态度，使你增强体质，预防疾病，拥有健康，享受快乐！,1311,1887105,m,https://m.weibo.cn/u/2275231151?uid=2275231151&luicode=10000011&lfid=100103type%3D1%26q%3D%E4%B8%8A%E6%B5%B7%E8%BF%AA%E5%A3%AB%E5%B0%BC,健康养生-赵琪,2275231151,True,知名健康养生博主 张仲景学术研究会常务理事南阳市第一人民医院主治医师
非常严肃的新闻搬运工,104,2198381,m,https://m.weibo.cn/u/5101393511?uid=5101393511&luicode=10000011&lfid=100103type%3D1%26q%3D%E4%B8%8A%E6%B5%B7%E8%BF%AA%E5%A3%AB%E5%B0%BC,全球头条新闻大爆料,5101393511,False,
新闻供料：010-85166212，邮箱：ctcm2017@163.com,1433,169489,f,https://m.weibo.cn/u/1927786044?uid=1927786044&luicode=10000011&lfid=100103type%3D1%26q%3D%E4%B8%8A%E6%B5%B7%E8%BF%AA%E5%A3%AB%E5%B0%BC,中国旅游报,1927786044,True,中国旅游报
关注我的人都发财了，原因是个谜,162,598112,f,https://m.weibo.cn/u/3612591544?uid=3612591544&luicode=10000011&lfid=100103type%3D1%26q%3D%E4%B8%8A%E6%B5%B7%E8%BF%AA%E5%A3%AB%E5%B0%BC,搞笑幺妹,3612591544,True,搞笑幽默博主 搞笑视频自媒体
❤️迪士尼❤️漫威❤️奇奇蒂蒂❤️五月天❤️MP魔幻力量鼓鼓❤️,1452,6750,f,https://m.weibo.cn/u/2435701517?uid=2435701517&luicode=10000011&lfid=100103type%3D1%26q%3D%E4%B8%8A%E6%B5%B7%E8%BF%AA%E5%A3%AB%E5%B0%BC,雪莹冲鸭w,2435701517,True,动漫博主
知今晓未，专注科技最前沿的互动新媒体。www.izhiwei.com 商务合作wx:beijing2009126 内容爆料wx：kui121862,317,626855,m,https://m.weibo.cn/u/6890756658?uid=6890756658&luicode=10000011&lfid=100103type%3D1%26q%3D%E4%B8%8A%E6%B5%B7%E8%BF%AA%E5%A3%AB%E5%B0%BC,知未科技,6890756658,True,知未科技官方微博
搜罗上海大街小巷，分享诗意生活~欢迎投稿，欢迎分享，欢迎关注！,335,957330,f,https://m.weibo.cn/u/1765216783?uid=1765216783&luicode=10000011&lfid=100103type%3D1%26q%3D%E4%B8%8A%E6%B5%B7%E8%BF%AA%E5%A3%AB%E5%B0%BC,上海热点头条资讯,1765216783,True,本地博主 （上海）
好奇发现美好，探寻暖燃万象。,288,470332,f,https://m.weibo.cn/u/6140533125?uid=6140533125&luicode=10000011&lfid=100103type%3D1%26q%3D%E4%B8%8A%E6%B5%B7%E8%BF%AA%E5%A3%AB%E5%B0%BC,冬呱视频,6140533125,True,冬呱视频官方微博
全幼儿园最可爱😘,236,713,f,https://m.weibo.cn/u/1680155125?uid=1680155125&luicode=10000011&lfid=100103type%3D1%26q%3D%E4%B8%8A%E6%B5%B7%E8%BF%AA%E5%A3%AB%E5%B0%BC,国琪琪Y,1680155125,True,宋佳超话粉丝大咖
宝妈一枚，联系方式在私信，日常宠粉,283,8846,f,https://m.weibo.cn/u/7303134863?uid=7303134863&luicode=10000011&lfid=100103type%3D1%26q%3D%E4%B8%8A%E6%B5%B7%E8%BF%AA%E5%A3%AB%E5%B0%BC,朵儿宝妈吖,7303134863,False,
TOKIO农业团大好 YamaP本命 浪漫主义小🐷🐠 已经变人妻,704,316,f,https://m.weibo.cn/u/2535132295?uid=2535132295&luicode=10000011&lfid=100103type%3D1%26q%3D%E4%B8%8A%E6%B5%B7%E8%BF%AA%E5%A3%AB%E5%B0%BC,只愿见那轮明月,2535132295,False,
嗨，大家好！我是米奇的朋友达菲熊，我有一群可爱的伙伴们！,8,946,m,https://m.weibo.cn/u/5636874278?uid=5636874278&luicode=10000011&lfid=100103type%3D1%26q%3D%E4%B8%8A%E6%B5%B7%E8%BF%AA%E5%A3%AB%E5%B0%BC,达菲熊Duffy,5636874278,False,
任劳任怨，为一线吃瓜群众端茶送水！,635,5075479,f,https://m.weibo.cn/u/6511173216?uid=6511173216&luicode=10000011&lfid=100103type%3D1%26q%3D%E4%B8%8A%E6%B5%B7%E8%BF%AA%E5%A3%AB%E5%B0%BC,鹅组情报员,6511173216,True,微博电视团成员 知名电视剧博主 电视剧视频自媒体
^_^,394,89,m,https://m.weibo.cn/u/5875907531?uid=5875907531&luicode=10000011&lfid=100103type%3D1%26q%3D%E4%B8%8A%E6%B5%B7%E8%BF%AA%E5%A3%AB%E5%B0%BC,alexalleys,5875907531,False,
来日并不方长❤️,124,1082,f,https://m.weibo.cn/u/2482509401?uid=2482509401&luicode=10000011&lfid=100103type%3D1%26q%3D%E4%B8%8A%E6%B5%B7%E8%BF%AA%E5%A3%AB%E5%B0%BC,马晶莹up,2482509401,False,
国际热情测试课程执导师，生命探索者，创意生活家，愿以有限人生，探索无限可能！,240,390,f,https://m.weibo.cn/u/2475988330?uid=2475988330&luicode=10000011&lfid=100103type%3D1%26q%3D%E4%B8%8A%E6%B5%B7%E8%BF%AA%E5%A3%AB%E5%B0%BC,灵晰生活家,2475988330,False,
工作洽谈请联系XianXIWUJI@163.com,171,2402968,m,https://m.weibo.cn/u/1727667357?uid=1727667357&luicode=10000011&lfid=100103type%3D1%26q%3D%E4%B8%8A%E6%B5%B7%E8%BF%AA%E5%A3%AB%E5%B0%BC,王竟力,1727667357,True,2017《明日之子》九大厂牌
模特  摄影师  汉服爱好者  约片请私信哦,221,10392,f,https://m.weibo.cn/u/1756732291?uid=1756732291&luicode=10000011&lfid=100103type%3D1%26q%3D%E4%B8%8A%E6%B5%B7%E8%BF%AA%E5%A3%AB%E5%B0%BC,素昧在路上,1756732291,False,
手帐，给未来自己的绝妙手信。 手帐生活方式践行者，手帐EVENT创始人,3050,477778,f,https://m.weibo.cn/u/3705642654?uid=3705642654&luicode=10000011&lfid=100103type%3D1%26q%3D%E4%B8%8A%E6%B5%B7%E8%BF%AA%E5%A3%AB%E5%B0%BC,我们爱手帐_主编君,3705642654,False,
每日无偿分享壁纸/头像/好用物 喜欢请点赞哦～,70,1570,f,https://m.weibo.cn/u/6120627793?uid=6120627793&luicode=10000011&lfid=100103type%3D1%26q%3D%E4%B8%8A%E6%B5%B7%E8%BF%AA%E5%A3%AB%E5%B0%BC,奶芙泡泡-,6120627793,False,
商业合作私信,4,518119,f,https://m.weibo.cn/u/5119843497?uid=5119843497&luicode=10000011&lfid=100103type%3D1%26q%3D%E4%B8%8A%E6%B5%B7%E8%BF%AA%E5%A3%AB%E5%B0%BC,娱姬小将,5119843497,True,知名娱乐博主 娱乐综艺视频自媒体
预订和咨询方式：公众号搜索「HERE设计生活民宿」,308,101293,f,https://m.weibo.cn/u/5904097907?uid=5904097907&luicode=10000011&lfid=100103type%3D1%26q%3D%E4%B8%8A%E6%B5%B7%E8%BF%AA%E5%A3%AB%E5%B0%BC,HERE设计生活民宿,5904097907,False,
关注你的安全,428,40908,m,https://m.weibo.cn/u/1066084335?uid=1066084335&luicode=10000011&lfid=100103type%3D1%26q%3D%E4%B8%8A%E6%B5%B7%E8%BF%AA%E5%A3%AB%E5%B0%BC,蜀黍家,1066084335,True,知名互联网资讯博主
没有名字,612,536,f,https://m.weibo.cn/u/2219138110?uid=2219138110&luicode=10000011&lfid=100103type%3D1%26q%3D%E4%B8%8A%E6%B5%B7%E8%BF%AA%E5%A3%AB%E5%B0%BC,-Helloyana,2219138110,False,
轩仪鹅💗💗,176,146,f,https://m.weibo.cn/u/2295812887?uid=2295812887&luicode=10000011&lfid=100103type%3D1%26q%3D%E4%B8%8A%E6%B5%B7%E8%BF%AA%E5%A3%AB%E5%B0%BC,竹秋一三,2295812887,False,
我的地盘我做主,492,1986,f,https://m.weibo.cn/u/3205482085?uid=3205482085&luicode=10000011&lfid=100103type%3D1%26q%3D%E4%B8%8A%E6%B5%B7%E8%BF%AA%E5%A3%AB%E5%B0%BC,Vrsbluu,3205482085,False,
吃喝玩乐的日常 ꈍ .̮ ꈍ,303,659,f,https://m.weibo.cn/u/2721255385?uid=2721255385&luicode=10000011&lfid=100103type%3D1%26q%3D%E4%B8%8A%E6%B5%B7%E8%BF%AA%E5%A3%AB%E5%B0%BC,晴颸明,2721255385,False,
yuan图：w13511428053取💕,278,1734,f,https://m.weibo.cn/u/5687507050?uid=5687507050&luicode=10000011&lfid=100103type%3D1%26q%3D%E4%B8%8A%E6%B5%B7%E8%BF%AA%E5%A3%AB%E5%B0%BC,橙子的头像呀,5687507050,False,
做善良且温暖的人！,147,155,f,https://m.weibo.cn/u/5926098069?uid=5926098069&luicode=10000011&lfid=100103type%3D1%26q%3D%E4%B8%8A%E6%B5%B7%E8%BF%AA%E5%A3%AB%E5%B0%BC,Tsundere23,5926098069,False,
没有乐队 但是主唱,535,1063,f,https://m.weibo.cn/u/2568836582?uid=2568836582&luicode=10000011&lfid=100103type%3D1%26q%3D%E4%B8%8A%E6%B5%B7%E8%BF%AA%E5%A3%AB%E5%B0%BC,五日天主唱阿言,2568836582,False,
一天废话八百遍,325,70,f,https://m.weibo.cn/u/5579939023?uid=5579939023&luicode=10000011&lfid=100103type%3D1%26q%3D%E4%B8%8A%E6%B5%B7%E8%BF%AA%E5%A3%AB%E5%B0%BC,蛋仔煎玉米粒,5579939023,False,
我的女友是个路痴,62,73957,m,https://m.weibo.cn/u/6395287010?uid=6395287010&luicode=10000011&lfid=100103type%3D1%26q%3D%E4%B8%8A%E6%B5%B7%E8%BF%AA%E5%A3%AB%E5%B0%BC,我的路痴女友,6395287010,True,知名搞笑幽默博主
今日もいい日だっ。,347,11751,f,https://m.weibo.cn/u/1921547641?uid=1921547641&luicode=10000011&lfid=100103type%3D1%26q%3D%E4%B8%8A%E6%B5%B7%E8%BF%AA%E5%A3%AB%E5%B0%BC,夏烧ERi,1921547641,True,动漫博主
veni vidi vici!,191,163,f,https://m.weibo.cn/u/2243800503?uid=2243800503&luicode=10000011&lfid=100103type%3D1%26q%3D%E4%B8%8A%E6%B5%B7%E8%BF%AA%E5%A3%AB%E5%B0%BC,曾小雅在努力减肥,2243800503,False,
没心没肺,236,296,m,https://m.weibo.cn/u/5222064359?uid=5222064359&luicode=10000011&lfid=100103type%3D1%26q%3D%E4%B8%8A%E6%B5%B7%E8%BF%AA%E5%A3%AB%E5%B0%BC,是上海的防风林,5222064359,False,
"‎To be an artist is not only about drawing pictures, it's about living a life, to be a complete person.",609,8079,f,https://m.weibo.cn/u/1798649605?uid=1798649605&luicode=10000011&lfid=100103type%3D1%26q%3D%E4%B8%8A%E6%B5%B7%E8%BF%AA%E5%A3%AB%E5%B0%BC,蕾娅格格,1798649605,True,主题乐园艺术总监
美国青少年题材影视爱好者社群，关注迪士尼、尼克、真人剧、动漫。报名加入请联系deefunbbs@gmail.com,311,783430,m,https://m.weibo.cn/u/1641949434?uid=1641949434&luicode=10000011&lfid=100103type%3D1%26q%3D%E4%B8%8A%E6%B5%B7%E8%BF%AA%E5%A3%AB%E5%B0%BC,迪幻Deefun,1641949434,True,知名动漫博主 译制视频自媒体 微博签约自媒体
I ❤ Shanghai 喜歡摩天樓，更愛老建築,517,726,m,https://m.weibo.cn/u/1799900642?uid=1799900642&luicode=10000011&lfid=100103type%3D1%26q%3D%E4%B8%8A%E6%B5%B7%E8%BF%AA%E5%A3%AB%E5%B0%BC,dondongWang,1799900642,False,
喜欢等，向来不怨，不惹~~~为了安置未来，改得多么客气----周期（柒）,296,14089,f,https://m.weibo.cn/u/1736050980?uid=1736050980&luicode=10000011&lfid=100103type%3D1%26q%3D%E4%B8%8A%E6%B5%B7%E8%BF%AA%E5%A3%AB%E5%B0%BC,伦沙,1736050980,True,理财规划师 传媒人 《爱上夏天爱上她》演员 妆面模特
此号系迪士尼粉丝个人微博，与华特迪士尼公司及其相关企业无关,134,2808,m,https://m.weibo.cn/u/2893305223?uid=2893305223&luicode=10000011&lfid=100103type%3D1%26q%3D%E4%B8%8A%E6%B5%B7%E8%BF%AA%E5%A3%AB%E5%B0%BC,SouthernSkyD23,2893305223,True,旅游博主
活泼，对计算机有特殊的爱好，喜欢看书，喜欢一个人漫步在雨中,226,61,f,https://m.weibo.cn/u/3771235765?uid=3771235765&luicode=10000011&lfid=100103type%3D1%26q%3D%E4%B8%8A%E6%B5%B7%E8%BF%AA%E5%A3%AB%E5%B0%BC,LU露露smile,3771235765,False,
清纯娱乐圈里的一股独流,494,3132472,f,https://m.weibo.cn/u/6511184518?uid=6511184518&luicode=10000011&lfid=100103type%3D1%26q%3D%E4%B8%8A%E6%B5%B7%E8%BF%AA%E5%A3%AB%E5%B0%BC,八组吃瓜少女,6511184518,True,微博娱评团成员 资深娱评人 知名娱乐博主 新鲜事作者 娱乐综艺视频自媒体
期待的地方只有远方,348,1099,f,https://m.weibo.cn/u/6189922166?uid=6189922166&luicode=10000011&lfid=100103type%3D1%26q%3D%E4%B8%8A%E6%B5%B7%E8%BF%AA%E5%A3%AB%E5%B0%BC,可一可再-c,6189922166,False,
以梦为马，不负韶华💗,390,11889,f,https://m.weibo.cn/u/1810549210?uid=1810549210&luicode=10000011&lfid=100103type%3D1%26q%3D%E4%B8%8A%E6%B5%B7%E8%BF%AA%E5%A3%AB%E5%B0%BC,什么鬼喔19,1810549210,True,九流霸主超话小主持人
保质期至头发变黑变长,412,468,f,https://m.weibo.cn/u/2714838143?uid=2714838143&luicode=10000011&lfid=100103type%3D1%26q%3D%E4%B8%8A%E6%B5%B7%E8%BF%AA%E5%A3%AB%E5%B0%BC,没有名的田,2714838143,False,
,108,6481,f,https://m.weibo.cn/u/2652864734?uid=2652864734&luicode=10000011&lfid=100103type%3D1%26q%3D%E4%B8%8A%E6%B5%B7%E8%BF%AA%E5%A3%AB%E5%B0%BC,芋头芋芋芋头,2652864734,False,
每天分享全国各地旅游攻略！微博素材均来自粉丝投稿及网上搜集和自己原创，如不小心侵犯，请原作者私信告知谢谢.欢迎大家投稿,399,124062,f,https://m.weibo.cn/u/5799656771?uid=5799656771&luicode=10000011&lfid=100103type%3D1%26q%3D%E4%B8%8A%E6%B5%B7%E8%BF%AA%E5%A3%AB%E5%B0%BC,旅行菌吖,5799656771,True,知名旅游博主 台湾旅行攻略超话主持人
🌟欢迎转发～请勿擅自转载！谢谢你来到我的频道🌟 💋✨Instagram：FANTASYCHAN_ 💬💌 ❤️ 🌟B站：食反反的,693,22072,f,https://m.weibo.cn/u/1879479925?uid=1879479925&luicode=10000011&lfid=100103type%3D1%26q%3D%E4%B8%8A%E6%B5%B7%E8%BF%AA%E5%A3%AB%E5%B0%BC,_稀飯的,1879479925,True,设计美学博主
搞笑幽默博主,207,68856,f,https://m.weibo.cn/u/6586580911?uid=6586580911&luicode=10000011&lfid=100103type%3D1%26q%3D%E4%B8%8A%E6%B5%B7%E8%BF%AA%E5%A3%AB%E5%B0%BC,热点集,6586580911,True,知名搞笑幽默博主
胃❤️：luck86888888 上海小费最高的夜总会1200150020003000场模特：形象气质佳，身高162以上 全职兼职均可,156,30499,m,https://m.weibo.cn/u/6869391195?uid=6869391195&luicode=10000011&lfid=100103type%3D1%26q%3D%E4%B8%8A%E6%B5%B7%E8%BF%AA%E5%A3%AB%E5%B0%BC,先生子墨,6869391195,False,
你有最美的年纪，别辜负最好的自己。,360,664,f,https://m.weibo.cn/u/1876518494?uid=1876518494&luicode=10000011&lfid=100103type%3D1%26q%3D%E4%B8%8A%E6%B5%B7%E8%BF%AA%E5%A3%AB%E5%B0%BC,娜娜酱ing,1876518494,False,
上海迪士尼旅游相关咨询微信号：MagicDisney    微信公众号：SHDisneyResort 迪士尼门票 园区实时动态 美食分享 酒店住宿 旅游攻略 组团 心情,2927,14092,m,https://m.weibo.cn/u/5639785164?uid=5639785164&luicode=10000011&lfid=100103type%3D1%26q%3D%E4%B8%8A%E6%B5%B7%E8%BF%AA%E5%A3%AB%E5%B0%BC,上海迪士尼度假区旅游,5639785164,False,
一条无所事事的咸鱼🐟,937,136,f,https://m.weibo.cn/u/3177052230?uid=3177052230&luicode=10000011&lfid=100103type%3D1%26q%3D%E4%B8%8A%E6%B5%B7%E8%BF%AA%E5%A3%AB%E5%B0%BC,superwaterwoman,3177052230,False,
不讲道理的小可爱哦。,107,7013,f,https://m.weibo.cn/u/5887775699?uid=5887775699&luicode=10000011&lfid=100103type%3D1%26q%3D%E4%B8%8A%E6%B5%B7%E8%BF%AA%E5%A3%AB%E5%B0%BC,吴三拾呀_,5887775699,False,
只要心中有白金，到哪里都是大神！投稿请私信哦！,1676,33883,m,https://m.weibo.cn/u/2306149033?uid=2306149033&luicode=10000011&lfid=100103type%3D1%26q%3D%E4%B8%8A%E6%B5%B7%E8%BF%AA%E5%A3%AB%E5%B0%BC,鹅探长,2306149033,True,娱乐博主 头条文章作者
不喜就滚！是我发什么你看什么，不是你看什么我才发什么,132,15305,m,https://m.weibo.cn/u/6767146612?uid=6767146612&luicode=10000011&lfid=100103type%3D1%26q%3D%E4%B8%8A%E6%B5%B7%E8%BF%AA%E5%A3%AB%E5%B0%BC,每天种瓜的贫穷博主,6767146612,False,
有趣一点,434,137089,f,https://m.weibo.cn/u/1955049503?uid=1955049503&luicode=10000011&lfid=100103type%3D1%26q%3D%E4%B8%8A%E6%B5%B7%E8%BF%AA%E5%A3%AB%E5%B0%BC,kkk_kaya,1955049503,True,摄影博主
如果不是互相喜欢 你的喜欢就是别人的负担,823,301139,f,https://m.weibo.cn/u/5589947068?uid=5589947068&luicode=10000011&lfid=100103type%3D1%26q%3D%E4%B8%8A%E6%B5%B7%E8%BF%AA%E5%A3%AB%E5%B0%BC,女王巧巧,5589947068,True,旅游博主 新鲜事作者 旅行视频自媒体 微博签约自媒体
旅行达人，旅行攻略分享,300,1019094,f,https://m.weibo.cn/u/5646593684?uid=5646593684&luicode=10000011&lfid=100103type%3D1%26q%3D%E4%B8%8A%E6%B5%B7%E8%BF%AA%E5%A3%AB%E5%B0%BC,旅游民宿君,5646593684,True,旅游博主
深扒娱乐圈,109,2483853,f,https://m.weibo.cn/u/5751949769?uid=5751949769&luicode=10000011&lfid=100103type%3D1%26q%3D%E4%B8%8A%E6%B5%B7%E8%BF%AA%E5%A3%AB%E5%B0%BC,毒舌扒姨太,5751949769,True,微博娱乐资讯博主 微博娱评团成员 娱乐综艺视频自媒体
你逆光而来 配得上这世间所有的美好  商业合作+vSanqyuan02 （备注来意）,147,41862,f,https://m.weibo.cn/u/5642476950?uid=5642476950&luicode=10000011&lfid=100103type%3D1%26q%3D%E4%B8%8A%E6%B5%B7%E8%BF%AA%E5%A3%AB%E5%B0%BC,伊万娜evanna,5642476950,False,
,79,21,f,https://m.weibo.cn/u/6458191524?uid=6458191524&luicode=10000011&lfid=100103type%3D1%26q%3D%E4%B8%8A%E6%B5%B7%E8%BF%AA%E5%A3%AB%E5%B0%BC,000shirley000000,6458191524,False,
小号（经常请吃药的凶悍姐姐～🚒💊💊,253,116,f,https://m.weibo.cn/u/5904686276?uid=5904686276&luicode=10000011&lfid=100103type%3D1%26q%3D%E4%B8%8A%E6%B5%B7%E8%BF%AA%E5%A3%AB%E5%B0%BC,似越yx,5904686276,False,
,776,898,f,https://m.weibo.cn/u/2177377032?uid=2177377032&luicode=10000011&lfid=100103type%3D1%26q%3D%E4%B8%8A%E6%B5%B7%E8%BF%AA%E5%A3%AB%E5%B0%BC,叫我阿vivivivivi頭,2177377032,False,
不定期清空，一切看心情。,231,1071,f,https://m.weibo.cn/u/1822215252?uid=1822215252&luicode=10000011&lfid=100103type%3D1%26q%3D%E4%B8%8A%E6%B5%B7%E8%BF%AA%E5%A3%AB%E5%B0%BC,Aimee谭,1822215252,False,
不想介绍一下自己,495,3270,f,https://m.weibo.cn/u/2258478531?uid=2258478531&luicode=10000011&lfid=100103type%3D1%26q%3D%E4%B8%8A%E6%B5%B7%E8%BF%AA%E5%A3%AB%E5%B0%BC,武怡彤_,2258478531,False,
轻微社恐 不善言辞 ❤️迪士尼专用❤️,209,99,f,https://m.weibo.cn/u/1698871832?uid=1698871832&luicode=10000011&lfid=100103type%3D1%26q%3D%E4%B8%8A%E6%B5%B7%E8%BF%AA%E5%A3%AB%E5%B0%BC,oO圈儿了个圈Oo,1698871832,False,
带你逛遍全世界每个角落❤️,157,436710,f,https://m.weibo.cn/u/1317374141?uid=1317374141&luicode=10000011&lfid=100103type%3D1%26q%3D%E4%B8%8A%E6%B5%B7%E8%BF%AA%E5%A3%AB%E5%B0%BC,曾经走过最遥远的路,1317374141,False,
哈哈，我不是鸟吧副总！哈哈哈哈…我是小混混…哈哈哈……,1370,1790,m,https://m.weibo.cn/u/1971092970?uid=1971092970&luicode=10000011&lfid=100103type%3D1%26q%3D%E4%B8%8A%E6%B5%B7%E8%BF%AA%E5%A3%AB%E5%B0%BC,大兵Brian,1971092970,True,河南青译文化传播有限公司 艺术总监
画画，写字，做最真实的自己,71,33,f,https://m.weibo.cn/u/3479340215?uid=3479340215&luicode=10000011&lfid=100103type%3D1%26q%3D%E4%B8%8A%E6%B5%B7%E8%BF%AA%E5%A3%AB%E5%B0%BC,喵喵的四月,3479340215,False,
无所谓路多长人海茫茫,786,236,f,https://m.weibo.cn/u/3044284882?uid=3044284882&luicode=10000011&lfid=100103type%3D1%26q%3D%E4%B8%8A%E6%B5%B7%E8%BF%AA%E5%A3%AB%E5%B0%BC,还好9909,3044284882,False,
,304,552,f,https://m.weibo.cn/u/1812737632?uid=1812737632&luicode=10000011&lfid=100103type%3D1%26q%3D%E4%B8%8A%E6%B5%B7%E8%BF%AA%E5%A3%AB%E5%B0%BC,Jenary永远不撒花了,1812737632,False,
用自己的双手创造美好的事物。,143,203,f,https://m.weibo.cn/u/5112060351?uid=5112060351&luicode=10000011&lfid=100103type%3D1%26q%3D%E4%B8%8A%E6%B5%B7%E8%BF%AA%E5%A3%AB%E5%B0%BC,兜兜-Sunrise,5112060351,False,
泉/感谢关注互动！滚 去 学 习/我永远喜欢美好事物/对自己狠一点求求了,857,3407,f,https://m.weibo.cn/u/2238657905?uid=2238657905&luicode=10000011&lfid=100103type%3D1%26q%3D%E4%B8%8A%E6%B5%B7%E8%BF%AA%E5%A3%AB%E5%B0%BC,-沸废泉-,2238657905,False,
# 聪明龟的糊涂猪🐽,802,467,f,https://m.weibo.cn/u/5678889725?uid=5678889725&luicode=10000011&lfid=100103type%3D1%26q%3D%E4%B8%8A%E6%B5%B7%E8%BF%AA%E5%A3%AB%E5%B0%BC,应钟十七与石榴熊,5678889725,False,
愿你三冬暖，愿你春不寒，愿你黑天有灯，下雨有伞，路上有良人相伴。,109,47,m,https://m.weibo.cn/u/5486415073?uid=5486415073&luicode=10000011&lfid=100103type%3D1%26q%3D%E4%B8%8A%E6%B5%B7%E8%BF%AA%E5%A3%AB%E5%B0%BC,愿良人陪伴,5486415073,False,
多做事 少说话。多管自己 少八卦,315,671,f,https://m.weibo.cn/u/2134530564?uid=2134530564&luicode=10000011&lfid=100103type%3D1%26q%3D%E4%B8%8A%E6%B5%B7%E8%BF%AA%E5%A3%AB%E5%B0%BC,cool和cool,2134530564,False,
分享一切看到的美,391,13845,f,https://m.weibo.cn/u/2494539884?uid=2494539884&luicode=10000011&lfid=100103type%3D1%26q%3D%E4%B8%8A%E6%B5%B7%E8%BF%AA%E5%A3%AB%E5%B0%BC,写真铺_,2494539884,False,
人生就像一场旅行，不必在乎目的地，在乎的是沿途的风景以及看风景的心情，让心灵去旅行!,675,1492348,f,https://m.weibo.cn/u/5030334303?uid=5030334303&luicode=10000011&lfid=100103type%3D1%26q%3D%E4%B8%8A%E6%B5%B7%E8%BF%AA%E5%A3%AB%E5%B0%BC,-叮当猫爱旅行-,5030334303,True,知名旅游博主
"全世界都在催你长大,只有迪士尼依旧守护着你的童心。The whole world is urging you to grow up, but Disney still guards your childlike innocence.",181,52,f,https://m.weibo.cn/u/2601899841?uid=2601899841&luicode=10000011&lfid=100103type%3D1%26q%3D%E4%B8%8A%E6%B5%B7%E8%BF%AA%E5%A3%AB%E5%B0%BC,上海迪士尼女孩,2601899841,False,
我们总是习惯用一辈子去怀念那一份短暂！😝 😝,509,271,f,https://m.weibo.cn/u/5255602609?uid=5255602609&luicode=10000011&lfid=100103type%3D1%26q%3D%E4%B8%8A%E6%B5%B7%E8%BF%AA%E5%A3%AB%E5%B0%BC,我是AAAAlisaaaa,5255602609,False,
太刻意就不美,1341,1557,f,https://m.weibo.cn/u/1910206033?uid=1910206033&luicode=10000011&lfid=100103type%3D1%26q%3D%E4%B8%8A%E6%B5%B7%E8%BF%AA%E5%A3%AB%E5%B0%BC,酒心酒心呐,1910206033,False,
我的地盘我做主,38,629273,m,https://m.weibo.cn/u/6092155691?uid=6092155691&luicode=10000011&lfid=100103type%3D1%26q%3D%E4%B8%8A%E6%B5%B7%E8%BF%AA%E5%A3%AB%E5%B0%BC,瓜酱课代表,6092155691,False,
请同时关注➕微信 公众号EASY Idol画报 以及工作联系：easyeasy2019@163.com。,339,1022726,f,https://m.weibo.cn/u/1764457643?uid=1764457643&luicode=10000011&lfid=100103type%3D1%26q%3D%E4%B8%8A%E6%B5%B7%E8%BF%AA%E5%A3%AB%E5%B0%BC,EASYMEDIA,1764457643,True,Easy音乐世界
wechat：rubylulu1989   •ᴗ•,328,15935,f,https://m.weibo.cn/u/1774638992?uid=1774638992&luicode=10000011&lfid=100103type%3D1%26q%3D%E4%B8%8A%E6%B5%B7%E8%BF%AA%E5%A3%AB%E5%B0%BC,Little_Miya,1774638992,True,母婴育儿博主
就这样吧，从此山水不相逢。,146,220,f,https://m.weibo.cn/u/2957823845?uid=2957823845&luicode=10000011&lfid=100103type%3D1%26q%3D%E4%B8%8A%E6%B5%B7%E8%BF%AA%E5%A3%AB%E5%B0%BC,piu-s,2957823845,False,
自先沉稳而后爱人,97,1468,f,https://m.weibo.cn/u/5605507128?uid=5605507128&luicode=10000011&lfid=100103type%3D1%26q%3D%E4%B8%8A%E6%B5%B7%E8%BF%AA%E5%A3%AB%E5%B0%BC,张小琪x,5605507128,False,
旅游攻略分享，寻找旅游乐趣。,651,1011518,m,https://m.weibo.cn/u/3224109840?uid=3224109840&luicode=10000011&lfid=100103type%3D1%26q%3D%E4%B8%8A%E6%B5%B7%E8%BF%AA%E5%A3%AB%E5%B0%BC,旅行美食小马甲,3224109840,True,摄影师 马蜂窝攻略作者 知名旅游博主 微博故事原创作者 新鲜事作者 美食视频自媒体
不想成为技术大牛的吃货不是好嬷嬷(｡•ˇ‸ˇ•｡),552,340,f,https://m.weibo.cn/u/1705461565?uid=1705461565&luicode=10000011&lfid=100103type%3D1%26q%3D%E4%B8%8A%E6%B5%B7%E8%BF%AA%E5%A3%AB%E5%B0%BC,叫我吴嬷嬷,1705461565,False,
,1183,5100,f,https://m.weibo.cn/u/1769932393?uid=1769932393&luicode=10000011&lfid=100103type%3D1%26q%3D%E4%B8%8A%E6%B5%B7%E8%BF%AA%E5%A3%AB%E5%B0%BC,QQQiuxy,1769932393,True,微博vlog博主
投资赚钱，旅行花钱。希望一直在赚钱，一直在花钱。,414,542729,m,https://m.weibo.cn/u/2311671004?uid=2311671004&luicode=10000011&lfid=100103type%3D1%26q%3D%E4%B8%8A%E6%B5%B7%E8%BF%AA%E5%A3%AB%E5%B0%BC,投资旅行,2311671004,True,旅游博主
投稿请私信,46,412198,f,https://m.weibo.cn/u/6128920002?uid=6128920002&luicode=10000011&lfid=100103type%3D1%26q%3D%E4%B8%8A%E6%B5%B7%E8%BF%AA%E5%A3%AB%E5%B0%BC,笑到拔胸毛,6128920002,True,知名搞笑幽默博主 搞笑视频自媒体
我爱你胜于昨日 略窥明朝 ❤️,914,824,f,https://m.weibo.cn/u/5416806444?uid=5416806444&luicode=10000011&lfid=100103type%3D1%26q%3D%E4%B8%8A%E6%B5%B7%E8%BF%AA%E5%A3%AB%E5%B0%BC,JiaJiazhou-,5416806444,False,
